Id,Neighborhood,LotArea,OverallQual,OverallCond,YearRemodAdd,MasVnrArea,GrLivArea,BsmtFullBath,BsmtHalfBath,FullBath,HalfBath,BedroomAbvGr,Fireplaces,GarageArea,SalePrice
1,CollgCr,8450,7,5,2003,196,1710,1,0,2,1,3,0,548,208500
2,Veenker,9600,6,8,1976,0,1262,0,1,2,0,3,1,460,181500
3,CollgCr,11250,7,5,2002,162,1786,1,0,2,1,3,1,608,223500
4,Crawfor,9550,7,5,1970,0,1717,1,0,1,0,3,1,642,140000
5,NoRidge,14260,8,5,2000,350,2198,1,0,2,1,4,1,836,250000
6,Mitchel,14115,5,5,1995,0,1362,1,0,1,1,1,0,480,143000
7,Somerst,10084,8,5,2005,186,1694,1,0,2,0,3,1,636,307000
8,NWAmes,10382,7,6,1973,240,2090,1,0,2,1,3,2,484,200000
9,OldTown,6120,7,5,1950,0,1774,0,0,2,0,2,2,468,129900
10,BrkSide,7420,5,6,1950,0,1077,1,0,1,0,2,2,205,118000
11,Sawyer,11200,5,5,1965,0,1040,1,0,1,0,3,0,384,129500
12,NridgHt,11924,9,5,2006,286,2324,1,0,3,0,4,2,736,345000
13,Sawyer,12968,5,6,1962,0,912,1,0,1,0,2,0,352,144000
14,CollgCr,10652,7,5,2007,306,1494,0,0,2,0,3,1,840,279500
15,NAmes,10920,6,5,1960,212,1253,1,0,1,1,2,1,352,157000
16,BrkSide,6120,7,8,2001,0,854,0,0,1,0,2,0,576,132000
17,NAmes,11241,6,7,1970,180,1004,1,0,1,0,2,1,480,149000
18,Sawyer,10791,4,5,1967,0,1296,0,0,2,0,2,0,516,90000
19,SawyerW,13695,5,5,2004,0,1114,1,0,1,1,3,0,576,159000
20,NAmes,7560,5,6,1965,0,1339,0,0,1,0,3,0,294,139000
21,NridgHt,14215,8,5,2006,380,2376,0,0,3,1,4,1,853,325300
22,IDOTRR,7449,7,7,1950,0,1108,0,0,1,0,3,1,280,139400
23,CollgCr,9742,8,5,2002,281,1795,0,0,2,0,3,1,534,230000
24,MeadowV,4224,5,7,1976,0,1060,1,0,1,0,3,1,572,129900
25,Sawyer,8246,5,8,2001,0,1060,1,0,1,0,3,1,270,154000
26,NridgHt,14230,8,5,2007,640,1600,0,0,2,0,3,1,890,256300
27,NAmes,7200,5,7,2000,0,900,0,1,1,0,3,0,576,134800
28,NridgHt,11478,8,5,2008,200,1704,1,0,2,0,3,1,772,306000
29,NAmes,16321,5,6,1997,0,1600,1,0,1,0,2,2,319,207500
30,BrkSide,6324,4,6,1950,0,520,0,0,1,0,1,0,240,68500
31,IDOTRR,8500,4,4,1950,0,1317,0,0,1,0,3,0,250,40000
32,Sawyer,8544,5,6,2006,0,1228,0,0,1,1,3,0,271,149350
33,CollgCr,11049,8,5,2007,0,1234,0,0,2,0,3,0,484,179900
34,NAmes,10552,5,5,1959,0,1700,0,1,1,1,4,1,447,165500
35,NridgHt,7313,9,5,2005,246,1561,1,0,2,0,2,1,556,277500
36,NridgHt,13418,8,5,2005,132,2452,0,0,3,1,4,1,691,309000
37,CollgCr,10859,5,5,1995,0,1097,0,0,1,1,3,0,672,145000
38,NAmes,8532,5,6,1990,650,1297,0,1,1,0,3,1,498,153000
39,NAmes,7922,5,7,2007,0,1057,1,0,1,0,3,0,246,109000
40,Edwards,6040,4,5,1955,0,1152,0,0,2,0,2,0,0,82000
41,NAmes,8658,6,5,1965,101,1324,0,0,2,0,3,1,440,160000
42,Timber,16905,5,6,1959,0,1328,0,1,1,1,2,2,308,170000
43,SawyerW,9180,5,7,1983,0,884,1,0,1,0,2,0,504,144000
44,CollgCr,9200,5,6,1980,0,938,1,0,1,0,3,0,308,130250
45,NAmes,7945,5,6,1959,0,1150,1,0,1,0,3,0,300,141000
46,NridgHt,7658,9,5,2005,412,1752,1,0,2,0,2,1,576,319900
47,Mitchel,12822,7,5,2003,0,2149,1,0,1,1,1,1,670,239686
48,Somerst,11096,8,5,2006,0,1656,0,0,2,0,3,0,826,249700
49,OldTown,4456,4,5,2008,0,1452,0,0,2,0,2,0,0,113000
50,Sawyer,7742,5,7,1966,0,955,1,0,1,0,3,0,386,127000
51,Gilbert,13869,6,6,1997,0,1470,0,1,2,0,3,0,388,177000
52,BrkSide,6240,6,6,1950,0,1176,0,0,1,0,3,1,528,114500
53,IDOTRR,8472,5,5,1963,0,816,1,0,1,0,2,0,516,110000
54,Veenker,50271,9,5,1987,0,1842,2,0,0,1,0,1,894,385000
55,NAmes,7134,5,5,1955,0,1360,0,0,1,0,3,1,572,130000
56,NAmes,10175,6,5,1964,272,1425,0,0,2,0,3,1,576,180500
57,Somerst,2645,8,5,2000,456,1739,1,0,2,1,3,0,480,172500
58,CollgCr,11645,7,5,2004,0,1720,0,0,2,1,3,0,565,196500
59,StoneBr,13682,10,5,2006,1031,2945,0,0,3,1,3,1,641,438780
60,CollgCr,7200,5,7,1972,0,780,0,0,1,0,2,0,352,124900
61,SawyerW,13072,6,5,2004,0,1158,1,0,1,1,3,0,576,158000
62,IDOTRR,7200,5,7,1996,0,1111,0,0,1,0,3,0,288,101000
63,NridgHt,6442,8,5,2006,178,1370,0,0,2,0,2,1,484,202500
64,OldTown,10300,7,6,1950,0,1710,0,0,2,0,3,0,480,140000
65,CollgCr,9375,7,5,1998,573,2034,1,0,2,1,3,0,645,219500
66,NridgHt,9591,8,5,2005,344,2473,0,0,2,1,4,1,852,317000
67,NAmes,19900,7,5,1989,287,2207,1,0,2,0,3,1,576,180000
68,CollgCr,10665,7,5,2003,167,1479,1,0,2,0,3,0,558,226000
69,OldTown,4608,4,6,1950,0,747,0,0,1,0,2,0,220,80000
70,ClearCr,15593,7,4,1953,0,2287,0,0,2,0,3,1,667,225000
71,NAmes,13651,7,6,1973,1115,2223,1,0,2,0,3,2,516,244000
72,Mitchel,7599,4,6,2006,0,845,1,0,1,0,2,0,360,129500
73,Gilbert,10141,7,5,1998,40,1718,0,0,2,1,3,1,427,185000
74,NAmes,10200,5,7,2003,104,1086,1,0,1,0,3,0,490,144900
75,OldTown,5790,3,6,1950,0,1605,0,0,2,0,3,0,379,107400
76,MeadowV,1596,4,5,1973,0,988,1,0,1,0,2,0,297,91000
77,NAmes,8475,4,7,1956,0,952,0,0,1,0,2,0,283,135750
78,BrkSide,8635,5,5,2001,0,1285,1,0,1,0,2,0,240,127000
79,Sawyer,10778,4,5,1968,0,1768,0,0,2,0,4,0,0,136500
80,OldTown,10440,5,6,1981,0,1230,0,0,1,1,2,0,440,110000
81,NAmes,13000,6,6,1968,576,2142,0,0,2,1,4,1,509,193500
82,Mitchel,4500,6,5,1998,443,1337,1,0,2,0,2,0,405,153500
83,Somerst,10206,8,5,2007,468,1563,0,0,2,0,3,1,758,245000
84,NAmes,8892,5,5,1960,66,1065,0,0,1,1,3,0,461,126500
85,Gilbert,8530,7,5,1996,22,1474,0,0,2,1,3,1,400,168500
86,NoRidge,16059,8,5,1992,284,2417,0,0,2,1,4,1,462,260000
87,Gilbert,11911,6,5,2005,0,1560,0,0,2,1,3,1,400,174000
88,Somerst,3951,6,5,2009,76,1224,0,0,2,1,2,0,528,164500
89,IDOTRR,8470,3,2,1982,0,1526,0,0,1,0,2,0,0,85000
90,CollgCr,8070,4,5,1995,0,990,1,0,1,0,3,0,0,123600
91,NAmes,7200,4,5,1950,0,1040,0,0,1,0,2,0,420,109900
92,NAmes,8500,5,3,1961,203,1235,0,0,1,0,2,0,480,98600
93,Crawfor,13360,5,7,2006,0,964,1,0,1,0,2,0,432,163500
94,OldTown,7200,6,6,1998,0,2291,0,1,2,0,4,1,506,133900
95,CollgCr,9337,6,5,1997,0,1786,1,0,2,1,3,0,684,204750
96,Gilbert,9765,6,8,1993,68,1470,0,0,2,1,3,1,420,185000
97,CollgCr,10264,7,5,1999,183,1588,0,0,2,0,3,0,472,214000
98,Edwards,10921,4,5,1965,48,960,1,0,1,0,3,0,432,94750
99,Edwards,10625,5,5,1950,0,835,0,0,1,0,2,0,366,83000
100,NAmes,9320,4,5,1959,0,1225,1,0,1,1,3,0,0,128950
101,NWAmes,10603,6,7,2001,28,1610,1,0,2,0,3,2,480,205000
102,SawyerW,9206,6,5,1985,336,1732,0,0,2,1,3,1,476,178000
103,SawyerW,7018,5,5,1979,0,1535,0,0,2,0,4,0,410,118964
104,CollgCr,10402,7,5,2009,0,1226,0,0,2,0,3,0,740,198900
105,IDOTRR,7758,7,4,1950,600,1818,0,0,1,1,4,2,240,169500
106,Somerst,9375,8,5,2004,768,1992,0,0,2,1,3,1,648,250000
107,OldTown,10800,4,7,1995,0,1047,0,0,1,0,2,0,273,100000
108,OldTown,6000,5,5,1950,0,789,0,0,1,0,2,0,250,115000
109,IDOTRR,8500,5,7,2005,0,1517,0,0,2,0,3,0,0,115000
110,NWAmes,11751,6,6,1977,480,1844,0,0,2,0,3,1,546,190000
111,Edwards,9525,6,4,1972,0,1855,0,0,2,0,4,0,325,136900
112,Gilbert,7750,7,5,2000,0,1430,0,0,2,1,3,1,400,180000
113,CollgCr,9965,7,5,2007,220,2696,1,0,2,1,4,1,792,383970
114,Crawfor,21000,6,5,1953,184,2259,1,0,2,0,3,2,450,217000
115,Crawfor,7259,6,8,2002,0,2320,1,0,2,1,3,1,180,259500
116,Somerst,3230,6,5,1999,1129,1458,0,0,2,1,2,1,440,176000
117,Sawyer,11616,5,5,1962,116,1092,0,1,1,0,3,1,288,139000
118,Edwards,8536,5,5,2007,0,1125,0,0,1,1,2,0,430,155000
119,SawyerW,12376,7,5,1990,0,3222,1,0,3,0,5,2,594,320000
120,CollgCr,8461,6,5,2006,0,1456,0,0,2,1,3,1,390,163990
121,ClearCr,21453,6,5,1969,0,988,1,0,1,0,1,2,540,180000
122,IDOTRR,6060,4,5,1950,0,1123,0,0,1,0,3,0,264,100000
123,NAmes,9464,6,7,1958,135,1080,0,0,1,0,3,0,288,136000
124,SawyerW,7892,6,5,1993,0,1199,0,0,2,0,2,0,530,153900
125,NWAmes,17043,6,5,1998,0,1586,0,0,2,0,3,1,435,181000
126,IDOTRR,6780,6,8,1982,0,754,1,0,1,0,2,0,0,84500
127,NPkVill,4928,6,5,1976,0,958,0,0,2,0,2,1,440,128000
128,OldTown,4388,5,7,1950,0,840,0,0,1,0,3,1,0,87000
129,NAmes,7590,6,5,1966,266,1348,0,0,1,1,3,1,453,155000
130,NAmes,8973,5,7,1991,85,1053,0,1,1,1,3,0,750,150000
131,NAmes,14200,7,6,1966,309,2157,0,0,2,1,4,2,487,226000
132,Gilbert,12224,6,5,2000,40,2054,1,0,2,1,3,1,390,244000
133,NAmes,7388,5,6,2002,0,1327,1,0,1,0,3,0,624,150750
134,Timber,6853,8,5,2002,136,1296,1,0,2,0,2,0,471,220000
135,Sawyer,10335,5,6,1993,0,1721,0,0,2,1,3,1,440,180000
136,NWAmes,10400,7,6,1970,288,1682,0,0,2,0,3,1,530,174000
137,NAmes,10355,5,5,1967,196,1214,0,0,2,0,3,1,318,143000
138,Mitchel,11070,7,5,1989,70,1959,0,0,3,0,5,0,766,171000
139,CollgCr,9066,8,5,2000,320,1852,0,0,2,1,3,2,660,230000
140,CollgCr,15426,6,5,1997,0,1764,1,0,2,1,3,0,470,231500
141,NAmes,10500,4,5,1971,0,864,0,0,1,0,3,1,0,115000
142,CollgCr,11645,7,5,2005,0,1734,1,0,2,0,3,0,660,260000
143,NAmes,8520,5,4,1952,0,1385,0,0,2,0,4,0,720,166000
144,CollgCr,10335,7,5,1999,183,1501,1,0,2,0,3,0,577,204000
145,Sawyer,9100,5,5,1963,336,1728,1,0,2,0,6,0,504,125000
146,Edwards,2522,6,5,2006,50,1709,0,0,2,0,3,0,380,130000
147,BrkSide,6120,5,7,1993,0,875,1,0,1,0,2,0,180,105000
148,Gilbert,9505,7,5,2001,180,2035,0,0,2,1,3,1,434,222500
149,SawyerW,7500,7,5,2005,120,1080,1,0,1,0,3,0,0,141000
150,BrkSide,6240,5,4,1950,0,1344,0,0,1,0,3,0,240,115000
151,CollgCr,10356,5,6,1975,0,969,0,0,1,1,3,0,440,122000
152,NridgHt,13891,8,5,2008,436,1710,1,0,2,0,2,1,866,372402
153,NWAmes,14803,6,5,1971,252,1993,0,0,2,1,4,1,495,190000
154,ClearCr,13500,6,7,1975,0,1252,1,0,1,0,1,1,564,235000
155,OldTown,11340,6,5,1950,0,1200,0,0,1,0,4,0,312,125000
156,Edwards,9600,6,5,1950,0,1096,0,0,1,0,2,0,0,79000
157,NAmes,7200,5,7,1950,0,1040,0,0,1,0,2,0,625,109500
158,Timber,12003,8,5,2010,84,1968,0,0,2,1,4,1,680,269500
159,Somerst,12552,7,5,2005,0,1947,0,0,2,1,3,1,678,254900
160,Gilbert,19378,7,5,2006,456,2462,1,0,2,1,4,1,576,320000
161,Veenker,11120,6,6,1984,0,1232,0,0,2,0,3,0,516,162500
162,NridgHt,13688,9,5,2004,664,2668,1,0,2,1,3,2,726,412500
163,NridgHt,12182,7,5,2005,226,1541,0,0,2,0,3,1,532,220000
164,OldTown,5500,4,6,1956,0,882,0,0,1,0,1,0,0,103200
165,OldTown,5400,6,7,2004,0,1616,0,0,2,0,3,0,216,152000
166,Edwards,10106,5,7,1999,0,1355,1,0,2,0,4,0,0,127500
167,ClearCr,10708,5,5,1993,0,1867,1,0,1,0,2,3,303,190000
168,NridgHt,10562,8,5,2007,300,2161,1,0,1,1,3,1,789,325624
169,Gilbert,8244,7,5,2004,0,1720,0,0,2,1,3,1,440,183500
170,Timber,16669,8,6,1981,653,1707,0,0,2,1,2,1,511,228000
171,OldTown,12358,5,6,1950,0,1382,0,0,1,1,2,0,660,128500
172,NAmes,31770,6,5,1960,112,1656,1,0,1,0,3,2,528,215000
173,StoneBr,5306,7,7,1987,0,1767,1,0,2,0,2,1,504,239000
174,NAmes,10197,6,5,1961,491,1362,1,0,1,1,3,1,504,163000
175,Timber,12416,6,5,1986,132,1651,1,0,2,0,3,1,616,184000
176,Edwards,12615,6,7,2001,0,2158,1,0,2,0,4,1,576,243000
177,ClearCr,10029,6,5,1989,268,2060,0,1,2,1,4,1,521,211000
178,Sawyer,13650,5,5,1958,0,1920,1,0,2,0,4,1,451,172500
179,StoneBr,17423,9,5,2009,748,2234,1,0,2,0,1,1,1166,501837
180,OldTown,8520,5,6,2006,0,968,0,0,1,0,2,0,480,100000
181,Somerst,2117,6,5,2000,456,1525,0,0,2,1,3,1,440,177000
182,Crawfor,7588,7,6,1950,0,1802,0,0,1,1,4,1,216,200100
183,Edwards,9060,5,6,2006,98,1340,0,0,1,0,3,1,252,120000
184,OldTown,11426,7,5,2003,0,2082,0,0,2,1,3,0,484,200000
185,BrkSide,7438,5,8,1991,0,1252,0,0,1,0,3,0,576,127000
186,OldTown,22950,10,9,1993,0,3608,0,0,2,1,4,2,840,475000
187,Mitchel,9947,7,5,1991,0,1217,1,0,2,0,3,0,497,173000
188,OldTown,10410,5,7,1987,0,1656,0,0,2,1,3,0,180,135000
189,SawyerW,7018,5,5,1979,275,1224,2,0,0,2,2,2,528,153337
190,StoneBr,4923,8,5,2002,0,1593,1,0,1,1,0,1,682,286000
191,Crawfor,10570,8,8,1994,0,2727,0,0,2,1,3,2,440,315000
192,NAmes,7472,7,9,2004,138,1479,1,0,1,1,4,0,484,184000
193,CollgCr,9017,7,5,1999,0,1431,1,0,2,0,3,0,666,192000
194,Edwards,2522,7,5,2004,50,1709,0,0,2,0,3,0,380,130000
195,CollgCr,7180,5,7,1972,0,864,0,0,1,0,3,0,352,127000
196,NPkVill,2280,6,6,1976,0,1456,0,0,2,1,3,1,440,148500
197,Somerst,9416,7,5,2007,205,1726,1,0,2,0,3,1,786,311872
198,NAmes,25419,8,4,1990,0,3112,1,1,2,0,4,1,795,235000
199,OldTown,5520,6,6,1950,0,2229,0,0,1,0,5,0,0,104000
200,NridgHt,9591,8,5,2005,262,1713,1,0,2,0,3,1,856,274900
201,Edwards,8546,4,5,2004,0,1121,0,0,2,0,2,0,440,140000
202,Mitchel,10125,6,6,1977,0,1279,0,1,2,0,3,2,473,171500
203,OldTown,7000,6,6,1950,0,1310,0,0,2,0,2,0,398,112000
204,CollgCr,4438,6,5,2004,205,848,1,0,1,0,1,1,420,149000
205,OldTown,3500,5,7,1950,0,1284,0,0,1,1,2,0,240,110000
206,Gilbert,11851,7,5,1990,0,1442,0,0,2,0,3,0,500,180500
207,Sawyer,13673,5,5,1962,0,1696,0,0,1,1,3,1,349,143900
208,NAmes,12493,4,5,1960,0,1100,1,0,1,0,3,1,312,141000
209,SawyerW,14364,7,5,1989,128,2062,1,0,2,1,3,1,454,277000
210,NAmes,8250,6,7,1964,260,1092,1,0,1,0,3,0,504,145000
211,Edwards,5604,5,6,1950,0,864,1,0,1,0,2,0,0,98000
212,Edwards,10420,6,5,2009,0,1212,0,0,2,0,3,0,460,186000
213,Somerst,8640,7,5,2009,0,1852,1,0,2,1,3,1,644,252678
214,CollgCr,13568,5,5,1995,0,990,0,1,1,0,3,0,576,156000
215,CollgCr,10900,6,7,1977,153,1392,0,0,1,1,3,0,299,161750
216,NAmes,10011,5,6,1996,64,1236,0,1,1,0,2,1,447,134450
217,CollgCr,8450,7,5,2004,266,1436,1,0,2,0,3,0,484,210000
218,OldTown,9906,4,4,1950,0,1328,0,0,1,0,3,0,210,107000
219,Crawfor,15660,7,9,2006,312,1954,0,1,1,1,3,2,431,311500
220,Blmngtn,3010,7,5,2006,16,1248,0,0,2,0,2,0,438,167240
221,CollgCr,8990,7,5,2006,0,1498,0,0,2,0,2,0,675,204900
222,Gilbert,8068,6,5,2002,0,2267,0,0,2,1,4,1,390,200000
223,NWAmes,11475,6,6,1975,0,1552,1,0,2,1,3,1,434,179900
224,NAmes,10500,4,6,1971,0,864,0,0,1,0,2,0,576,97000
225,NridgHt,13472,10,5,2003,922,2392,0,0,2,0,3,1,968,386250
226,BrDale,1680,5,5,1971,142,1302,0,0,2,1,3,0,280,112000
227,NoRidge,9950,7,5,1995,290,2520,0,0,2,1,4,1,721,290000
228,BrDale,1869,6,6,1970,127,987,0,0,1,1,2,0,280,106000
229,Sawyer,8521,5,5,1967,0,912,0,0,1,0,3,1,336,125000
230,Blmngtn,3182,7,5,2006,16,1555,0,0,2,0,2,1,430,192500
231,NAmes,8760,6,6,1959,220,1194,1,0,1,0,3,0,312,148000
232,NoRidge,15138,8,5,1996,506,2794,1,0,2,1,4,1,810,403000
233,BrDale,1680,6,5,1972,297,987,0,0,1,1,2,1,288,94500
234,CollgCr,10650,5,6,1976,0,894,1,0,1,0,3,0,308,128200
235,Gilbert,7851,6,5,2002,,1960,1,0,2,1,4,2,440,216500
236,BrDale,1680,6,3,1971,604,987,0,0,1,1,2,0,264,89500
237,CollgCr,8773,7,5,2004,98,1414,0,0,2,0,3,0,494,185500
238,SawyerW,9453,7,7,2003,0,1744,0,0,2,1,3,0,457,194500
239,NridgHt,12030,8,5,2007,254,1694,0,0,2,0,3,0,818,318000
240,Edwards,8741,6,4,1950,0,1487,0,0,1,1,3,1,220,113000
241,Somerst,9000,8,5,2008,36,1566,1,0,2,0,3,0,750,262500
242,OldTown,3880,5,9,1997,0,866,0,0,1,0,2,0,0,110500
243,OldTown,5000,5,4,1950,0,1440,0,0,1,0,3,0,352,79000
244,SawyerW,10762,6,6,1980,0,1217,0,0,1,1,3,1,288,120000
245,SawyerW,8880,7,5,2002,0,2110,1,0,2,1,3,2,463,205000
246,NWAmes,10400,7,5,1988,102,1872,0,1,2,0,3,1,604,241500
247,OldTown,9142,6,8,1950,0,1928,0,0,2,0,4,0,440,137000
248,NAmes,11310,6,5,1954,0,1375,0,0,1,0,2,1,451,140000
249,CollgCr,11317,7,5,2003,101,1668,0,0,2,1,3,0,500,180000
250,ClearCr,159000,6,7,2006,472,2144,0,1,2,0,4,2,389,277000
251,BrkSide,5350,3,2,1966,0,1306,0,0,1,0,3,0,0,76500
252,Crawfor,4750,8,5,2007,481,1625,1,1,2,0,2,1,538,235000
253,SawyerW,8366,6,5,2004,0,1640,0,0,2,1,3,0,520,173000
254,NAmes,9350,6,7,1991,108,1302,0,1,2,0,3,0,309,158000
255,NAmes,8400,5,6,1957,0,1314,1,0,1,0,3,0,294,145000
256,Gilbert,8738,7,5,1999,302,2291,0,0,2,1,4,1,429,230000
257,Somerst,8791,6,5,2003,0,1728,0,0,2,1,3,0,673,207500
258,CollgCr,8814,7,5,2006,180,1604,1,0,2,1,3,1,660,220000
259,CollgCr,12435,7,5,2001,172,1792,0,0,2,1,3,1,564,231500
260,OldTown,12702,5,5,1956,0,882,0,0,1,0,2,0,308,97000
261,NAmes,19296,6,5,1962,399,1382,1,0,1,0,3,1,884,176000
262,CollgCr,9588,8,5,2007,270,2574,0,0,2,1,3,1,868,276000
263,Sawyer,8471,6,7,1995,46,1212,1,0,1,0,3,1,492,151000
264,OldTown,5500,5,7,2001,0,1316,1,0,1,0,3,0,484,130000
265,OldTown,5232,5,5,2004,0,764,0,0,1,0,2,0,504,73000
266,NWAmes,12090,6,6,1981,210,1422,0,0,2,0,3,1,576,175500
267,Gilbert,11207,6,5,1997,0,1511,1,0,2,1,3,1,413,185000
268,SWISU,8400,5,8,1997,0,2192,0,0,2,1,4,1,240,179500
269,IDOTRR,6900,5,6,1955,0,778,0,0,1,0,2,1,924,120500
270,Edwards,7917,6,7,1976,174,1113,1,0,1,1,3,1,504,148000
271,Somerst,10728,8,5,2006,0,1939,0,0,2,1,3,1,1053,266000
272,ClearCr,39104,7,7,2005,0,1363,1,0,1,0,2,2,439,241500
273,NoRidge,11764,8,7,2007,348,2270,0,0,2,1,4,1,671,290000
274,NAmes,9600,6,6,1988,183,1632,1,0,2,0,3,1,338,139000
275,Mitchel,8314,5,7,1982,0,816,0,0,1,0,2,0,264,124500
276,BrkSide,7264,7,7,2007,0,1548,0,0,2,1,3,0,672,205000
277,Mitchel,9196,7,5,2003,0,1560,0,0,2,0,3,0,573,201000
278,Gilbert,19138,4,5,1951,0,864,0,0,1,0,2,0,400,141000
279,NridgHt,14450,9,5,2007,315,2121,0,0,2,1,3,1,732,415298
280,ClearCr,10005,7,5,1977,299,2022,0,0,2,1,4,1,505,192000
281,SawyerW,11287,7,6,1989,340,1982,0,0,2,1,3,1,575,228500
282,Somerst,7200,6,5,2006,68,1262,0,0,2,0,2,0,572,185000
283,NridgHt,5063,7,5,2008,166,1314,1,0,2,0,2,1,626,207500
284,Somerst,9612,8,5,2009,72,1468,0,0,2,0,3,1,898,244600
285,SawyerW,8012,6,5,1992,0,1575,1,0,2,0,2,0,529,179200
286,Somerst,4251,7,5,2007,0,1250,0,0,2,1,2,0,528,164700
287,NAmes,9786,6,7,1981,0,1734,0,0,1,1,3,1,440,159000
288,NAmes,8125,4,4,1971,0,858,0,0,1,0,3,0,0,88000
289,Sawyer,9819,5,5,1967,31,900,0,0,1,0,3,0,280,122000
290,BrkSide,8730,6,7,2003,0,1396,0,0,1,0,3,0,384,153575
291,CollgCr,15611,8,5,2006,0,1919,0,0,2,1,3,1,685,233230
292,SWISU,5687,5,6,2000,0,1716,1,0,2,0,6,0,0,135900
293,Edwards,11409,5,4,2008,0,1716,0,0,1,1,3,1,281,131000
294,NWAmes,16659,7,7,1994,34,2263,1,0,2,1,3,1,539,235000
295,NAmes,9600,6,5,1953,238,1644,1,0,1,0,3,2,418,167000
296,Mitchel,7937,6,6,1984,0,1003,1,0,1,0,3,0,588,142500
297,IDOTRR,13710,5,5,1950,0,1558,0,0,1,1,4,0,282,152000
298,Somerst,7399,7,5,1998,1600,1950,0,0,2,1,3,1,576,239000
299,NWAmes,11700,6,6,1968,365,1743,0,1,1,2,3,1,539,175000
300,Crawfor,14000,6,8,2004,0,1152,0,1,1,0,3,1,300,158500
301,Crawfor,15750,5,5,1953,56,1336,1,0,1,0,2,2,375,157000
302,CollgCr,16226,8,5,1999,0,2452,0,0,2,1,4,1,683,267000
303,CollgCr,13704,7,5,2002,150,1541,0,0,2,0,3,1,843,205000
304,CollgCr,9800,5,7,1972,0,894,1,0,1,0,3,0,552,149900
305,OldTown,18386,7,9,2002,0,3493,0,0,3,0,3,1,870,295000
306,CollgCr,10386,8,5,2005,246,2000,1,0,2,0,3,0,888,305900
307,SawyerW,13474,7,5,1991,246,2243,1,0,2,1,4,1,746,225000
308,IDOTRR,7920,6,7,1950,0,1406,0,0,1,0,3,0,0,89500
309,Edwards,12342,4,5,1950,0,861,0,0,1,0,1,0,539,82500
310,NridgHt,12378,9,5,2004,0,1944,1,0,2,0,3,3,708,360000
311,Gilbert,7685,6,5,1994,112,1501,0,0,2,1,3,1,420,165600
312,NAmes,8000,6,6,2002,0,972,1,0,1,0,2,1,240,132000
313,OldTown,7800,5,7,1950,0,1118,1,0,1,0,3,1,410,119900
314,Timber,215245,7,5,1965,0,2036,2,0,2,0,3,2,513,375000
315,OldTown,9600,7,7,1990,0,1641,0,1,1,1,3,1,546,178000
316,Gilbert,7795,7,5,2005,0,1432,1,0,2,1,3,1,432,188500
317,NWAmes,13005,7,7,1980,278,2353,1,0,2,1,4,1,484,260000
318,Somerst,9000,8,5,2006,0,1959,0,0,2,1,3,1,1025,270000
319,NoRidge,9900,7,5,1993,256,2646,1,0,2,1,4,1,656,260000
320,NWAmes,14115,7,5,1980,225,1472,1,0,2,0,3,2,588,187500
321,NridgHt,16259,9,5,2006,370,2596,0,0,3,1,4,0,840,342643
322,NridgHt,12099,8,5,2004,388,2468,1,0,2,1,4,1,872,354000
323,SawyerW,10380,7,5,1987,172,2730,1,0,2,1,4,1,576,301000
324,OldTown,5820,3,8,2005,0,1163,1,0,1,0,3,0,220,126175
325,NAmes,11275,7,7,2007,300,2978,0,0,2,1,5,1,564,242000
326,IDOTRR,5000,5,6,1950,0,803,0,0,1,0,2,0,360,87000
327,Veenker,10846,8,5,1993,0,1719,2,0,1,1,1,2,473,324000
328,NAmes,11600,6,5,1960,175,1383,0,0,1,1,3,0,292,145250
329,BrkSide,11888,6,6,1994,0,2134,0,0,2,0,5,0,441,214500
330,IDOTRR,6402,5,5,1950,0,1192,0,0,1,0,3,0,189,78000
331,NAmes,10624,5,4,1964,84,1728,0,1,2,0,6,0,352,119000
332,NAmes,8176,5,6,1992,0,1056,1,0,1,0,3,0,308,139000
333,NridgHt,10655,8,5,2004,296,1629,1,0,2,0,3,1,880,284000
334,NridgHt,8198,7,5,2004,146,1358,1,0,2,0,2,1,484,207000
335,Gilbert,9042,6,5,1998,0,1638,1,0,2,1,3,2,472,192000
336,Timber,164660,5,6,1965,0,1786,2,0,2,0,3,2,529,228950
337,StoneBr,14157,9,5,2006,200,1922,1,0,2,0,3,1,676,377426
338,CollgCr,9135,7,5,2003,113,1536,1,0,2,0,3,0,532,214000
339,NWAmes,14145,7,7,1998,0,1621,1,0,2,0,3,0,440,202500
340,NAmes,12400,6,7,1998,176,1215,0,0,1,0,3,0,297,155000
341,Timber,14191,8,5,2002,0,1908,0,0,2,1,4,0,431,202900
342,SawyerW,8400,4,4,1950,0,841,0,0,1,0,2,0,294,82000
343,NAmes,8544,3,4,1950,340,1040,0,0,2,0,2,0,400,87500
344,NridgHt,8849,9,5,2005,616,1684,0,0,2,0,2,1,564,266000
345,MeadowV,2592,5,3,1976,0,1112,0,0,1,1,3,0,336,85000
346,BrkSide,6435,6,5,1950,0,1577,0,0,1,0,3,1,312,140200
347,NAmes,12772,6,8,1998,0,958,0,0,1,0,2,0,301,151500
348,NAmes,17600,6,5,1960,30,1478,1,0,2,0,3,2,498,157500
349,NridgHt,2448,7,5,2004,106,1626,1,0,2,1,2,0,474,154000
350,NridgHt,20431,9,5,2006,870,2728,1,0,2,1,4,2,706,437154
351,NridgHt,7820,9,5,2007,362,1869,0,0,2,0,2,1,617,318061
352,ClearCr,5271,7,5,1986,0,1453,1,0,1,1,2,1,445,190000
353,Edwards,9084,5,6,1950,0,1111,0,1,1,0,3,0,200,95000
354,OldTown,8520,6,8,2003,0,720,0,0,1,0,2,0,484,105900
355,SWISU,8400,6,5,2000,0,1595,0,0,1,0,2,2,240,140000
356,CollgCr,11249,6,5,1995,0,1200,1,0,2,0,3,0,521,177500
357,Gilbert,9248,6,6,1992,106,1167,1,0,2,0,3,0,400,173000
358,MeadowV,4224,5,5,1976,0,1142,1,0,1,1,3,1,528,134000
359,ClearCr,6930,5,4,1958,120,1352,0,1,1,0,3,0,288,130000
360,NoRidge,12011,8,5,1998,530,1924,1,0,2,1,3,1,592,280000
361,Mitchel,7540,6,6,1978,0,912,1,0,1,0,2,1,470,156000
362,BrkSide,9144,5,5,1982,0,1505,1,0,1,0,3,0,240,145000
363,Edwards,7301,7,5,2003,500,1922,0,0,3,0,4,1,672,198500
364,BrDale,1680,6,8,2007,510,987,0,0,1,1,2,0,264,118000
365,NWAmes,18800,6,5,1976,120,1574,1,0,2,1,3,1,566,190000
366,IDOTRR,10690,5,7,1997,0,1344,0,0,1,0,3,0,468,147000
367,NAmes,9500,6,5,1963,247,1394,1,0,1,1,3,2,514,159000
368,NAmes,9150,6,5,1962,305,1431,0,1,1,0,3,1,296,165000
369,NAmes,7800,5,6,1954,200,1268,0,0,1,0,2,1,244,132000
370,NAmes,9830,5,7,2006,0,1287,1,0,1,0,3,1,576,162000
371,Gilbert,8121,6,5,2000,0,1664,0,0,2,1,3,1,460,172400
372,ClearCr,17120,4,4,1959,0,1588,0,0,2,0,4,1,680,134432
373,SawyerW,7175,6,5,1984,0,752,1,0,1,0,2,0,264,125000
374,NAmes,10634,5,6,1953,0,1319,1,0,1,0,3,0,270,123000
375,CollgCr,8200,7,5,2004,0,1928,0,0,2,1,4,1,434,219500
376,Edwards,10020,1,1,1950,0,904,1,0,0,1,1,0,0,61000
377,CollgCr,8846,5,5,1996,0,914,0,0,1,0,2,0,576,148000
378,Somerst,11143,8,5,2005,0,2466,0,0,3,0,4,1,610,340000
379,StoneBr,11394,9,2,2010,350,1856,1,0,1,1,1,1,834,394432
380,Gilbert,8123,6,5,2000,16,1800,0,0,2,1,3,1,463,179000
381,SWISU,5000,5,6,1950,0,1691,0,0,2,0,3,1,308,127000
382,Somerst,7200,7,5,2006,0,1301,1,0,2,0,2,1,572,187750
383,CollgCr,9245,7,5,2006,0,1797,0,0,2,1,3,0,639,213500
384,SawyerW,9000,6,3,1950,0,784,0,0,1,0,2,0,360,76000
385,ClearCr,53107,6,5,1992,0,1953,1,0,2,1,3,2,501,240000
386,Blmngtn,3182,8,5,2005,16,1269,0,0,2,0,2,1,430,192000
387,Edwards,8410,5,3,1996,0,1184,0,0,1,0,5,0,0,81000
388,Edwards,7200,6,6,1976,255,1125,1,0,1,0,3,1,352,125000
389,CollgCr,9382,7,5,2000,125,1479,0,0,2,0,3,0,577,191000
390,NridgHt,12474,10,5,2008,272,2332,1,0,2,1,3,1,846,426000
391,Edwards,8405,5,8,1950,0,1367,1,0,1,0,4,0,384,119000
392,Mitchel,12209,6,5,2002,0,1961,1,0,2,1,3,1,560,215000
393,NAmes,8339,5,7,1959,0,882,0,0,1,0,3,0,294,106500
394,BrkSide,7446,4,5,1950,0,788,0,0,1,0,2,2,0,100000
395,OldTown,10134,5,6,1950,0,1034,0,0,1,0,2,0,240,109000
396,Edwards,9571,5,6,1956,0,1144,1,0,1,0,3,0,596,129000
397,CollgCr,7200,5,5,1972,0,894,0,0,1,0,2,0,600,123000
398,NAmes,7590,5,5,1962,288,1812,0,0,2,0,4,1,264,169500
399,IDOTRR,8967,5,2,1950,0,1077,0,0,1,0,2,0,338,67000
400,Somerst,8125,7,5,2007,100,1550,1,0,2,0,2,0,438,241000
401,Veenker,14963,8,5,1996,0,1288,1,0,1,1,1,2,500,245500
402,CollgCr,8767,7,5,2005,0,1310,0,0,2,0,3,1,400,164990
403,Sawyer,10200,5,8,1997,0,672,0,0,1,0,2,0,240,108000
404,NoRidge,12090,8,5,1998,650,2263,0,0,2,1,4,1,420,258000
405,Gilbert,10364,6,5,1996,0,1572,0,0,2,1,3,1,373,168000
406,Sawyer,9991,4,4,1993,0,1620,1,0,2,0,3,1,490,150000
407,SWISU,10480,6,5,1950,0,1639,0,0,1,0,3,0,240,115000
408,Crawfor,15576,6,7,1976,0,1680,0,0,2,0,4,0,308,177000
409,NridgHt,14154,7,5,2006,350,2172,0,0,2,1,3,1,947,280000
410,Somerst,10800,8,5,2008,100,2078,1,0,2,1,3,1,836,339750
411,Edwards,9571,5,3,1958,0,1276,0,0,1,0,3,0,350,60000
412,Gilbert,34650,5,5,1955,0,1056,1,0,1,0,3,0,572,145000
413,Somerst,4403,7,5,2009,432,1478,1,0,2,1,2,1,484,222000
414,OldTown,8960,5,6,1950,0,1028,0,0,1,0,2,1,360,115000
415,SawyerW,11228,7,5,1993,0,2097,0,1,2,1,3,1,678,228000
416,Gilbert,8899,7,5,2007,0,1340,0,0,2,0,3,0,396,181134
417,Sawyer,7844,6,7,1978,203,1400,0,0,1,1,3,1,440,149500
418,Crawfor,22420,6,6,1950,0,2624,1,0,2,1,4,1,864,239000
419,Edwards,8160,5,6,1950,0,1134,1,0,1,1,3,0,240,126000
420,NAmes,8450,5,6,1968,0,1056,1,0,1,0,3,1,304,142000
421,Mitchel,7060,7,5,1998,200,1344,2,0,2,0,2,0,784,206300
422,NWAmes,16635,6,7,2000,126,1602,0,1,2,0,3,1,529,215000
423,Mitchel,21750,5,5,1954,0,988,0,0,1,0,2,0,520,113000
424,NoRidge,9200,8,5,1998,473,2630,1,0,2,1,4,1,696,315000
425,NAmes,9000,6,5,1956,74,1196,1,0,1,0,2,1,297,139000
426,OldTown,3378,7,8,1992,0,1389,0,0,1,1,3,2,240,135000
427,SawyerW,12800,7,5,1989,145,1644,1,1,2,0,2,1,569,275000
428,NAmes,8593,4,6,1957,0,907,0,0,1,0,3,0,352,109008
429,CollgCr,6762,7,5,2007,108,1208,1,0,2,0,2,0,628,195400
430,Timber,11457,6,5,1988,0,1412,1,0,2,0,3,1,576,175000
431,BrDale,1680,6,5,1971,232,987,0,0,1,1,2,0,264,85400
432,OldTown,5586,6,7,1998,0,1198,0,0,1,0,4,0,0,79900
433,BrDale,1920,5,5,1971,376,1365,1,0,1,1,2,0,440,122500
434,Gilbert,10839,6,5,1998,0,1604,0,0,2,1,3,1,470,181000
435,MeadowV,1890,4,7,1972,0,630,1,0,1,0,1,0,0,81000
436,CollgCr,10667,7,6,1996,0,1661,1,0,2,1,3,1,550,212000
437,OldTown,4400,6,8,1950,0,1118,0,0,1,0,2,0,440,116000
438,BrkSide,6000,6,7,2004,0,904,0,0,1,0,2,0,180,119000
439,Crawfor,4280,5,6,2002,0,694,0,0,1,0,2,1,352,90350
440,Edwards,12354,6,8,2000,0,1196,0,0,1,0,3,0,528,110000
441,NridgHt,15431,10,5,2008,200,2402,1,0,2,0,2,2,672,555000
442,Edwards,12108,4,4,1955,270,1440,0,0,2,0,4,0,0,118000
443,BrkSide,6240,5,7,1992,0,1573,0,0,2,0,3,1,360,162900
444,Blmngtn,3922,7,5,2007,72,1258,0,0,2,0,2,1,648,172500
445,CollgCr,8750,7,5,1995,0,1908,1,0,2,1,4,1,493,210000
446,Edwards,9855,6,5,1956,0,1689,0,0,1,0,3,1,480,127500
447,NAmes,16492,6,6,2002,0,1888,0,0,2,1,2,1,578,190000
448,Gilbert,11214,7,5,1999,0,1886,0,0,2,1,4,1,431,199900
449,IDOTRR,8600,6,6,1950,0,1376,0,0,2,0,3,1,198,119500
450,OldTown,6000,3,7,2002,0,1183,0,0,1,1,2,0,308,120000
451,OldTown,5684,6,8,2005,0,813,0,0,1,0,2,0,270,110000
452,ClearCr,70761,7,5,1975,0,1533,1,0,2,0,2,2,576,280000
453,Timber,9303,6,5,1997,42,1756,1,0,2,1,3,0,422,204000
454,Somerst,9000,8,5,2008,0,1590,0,0,2,1,3,0,676,210000
455,Mitchel,9297,5,5,1976,0,1728,2,0,2,0,4,0,560,188000
456,NWAmes,9600,7,6,1973,320,1242,0,0,1,1,3,1,528,175500
457,OldTown,4571,5,5,1950,0,1344,0,0,1,0,4,0,513,98000
458,ClearCr,53227,4,6,1994,0,1663,1,0,1,0,2,2,529,256000
459,OldTown,5100,8,7,1996,0,1666,0,0,1,0,3,1,228,161000
460,BrkSide,7015,5,4,1950,161,1203,1,0,1,0,3,1,352,110000
461,Somerst,8004,8,5,2009,110,1935,1,0,2,1,3,0,552,263435
462,SWISU,7200,7,9,2007,0,1135,1,0,1,0,3,0,576,155000
463,Sawyer,8281,5,5,1965,0,864,0,0,1,0,3,1,360,62383
464,Crawfor,11988,6,7,1995,0,1660,0,0,1,1,3,1,240,188700
465,CollgCr,8430,5,5,1978,136,1040,0,0,2,0,3,0,0,124000
466,Blmngtn,3072,7,5,2004,18,1414,0,0,2,0,2,1,398,178740
467,NAmes,10628,7,5,1970,0,1277,1,0,1,0,2,1,526,167000
468,NAmes,9480,5,7,1995,224,1644,0,0,1,1,3,2,312,146500
469,NridgHt,11428,8,5,2006,248,1634,0,0,2,0,3,1,866,250000
470,SawyerW,9291,6,5,1993,120,1710,0,0,2,1,3,0,506,187000
471,StoneBr,6820,8,5,1985,0,1502,1,0,1,1,1,0,528,212000
472,NWAmes,11952,7,6,1977,0,1969,0,0,2,1,3,1,534,190000
473,Edwards,3675,6,5,2005,80,1072,1,0,1,0,2,0,525,148000
474,NridgHt,14977,8,5,2007,304,1976,1,0,2,0,2,1,908,440000
475,StoneBr,5330,8,5,2000,0,1652,1,0,2,0,2,0,499,251000
476,Sawyer,8480,5,6,1963,0,970,1,0,1,0,2,0,624,132500
477,CollgCr,13125,6,5,1998,215,1493,1,0,2,0,3,1,508,208900
478,NridgHt,13693,9,5,2006,772,2643,0,0,2,1,3,1,694,380000
479,CollgCr,10637,8,5,2008,336,1718,1,0,2,0,3,1,826,297000
480,OldTown,5925,4,7,2000,435,1131,0,0,1,0,2,0,672,89471
481,NridgHt,16033,9,5,2005,378,1850,1,0,2,0,3,1,772,326000
482,NridgHt,11846,9,5,2004,562,1792,1,0,2,0,2,1,874,374000
483,OldTown,2500,7,8,2005,0,1826,1,0,1,1,4,1,164,155000
484,Mitchel,4500,6,5,1998,116,1216,1,0,2,0,2,0,402,164000
485,Sawyer,7758,5,7,2001,0,999,1,0,1,0,3,0,264,132500
486,NAmes,9600,5,7,2007,0,1113,0,0,1,0,3,1,264,147000
487,NAmes,10289,5,7,1965,168,1073,1,0,1,1,3,0,515,156000
488,NWAmes,12243,5,6,1971,0,1484,0,0,2,0,3,1,487,175000
489,OldTown,10800,5,4,1970,0,2414,0,0,2,0,3,1,520,160000
490,MeadowV,1526,4,8,2002,0,630,1,0,1,0,1,0,286,86000
491,MeadowV,2665,5,6,1976,0,1304,0,0,1,1,3,1,336,115000
492,NAmes,9490,6,7,1950,0,1578,1,0,1,0,3,2,240,133000
493,Gilbert,15578,6,5,2006,0,1456,0,0,2,1,3,0,429,172785
494,NAmes,7931,5,6,1960,0,1269,0,0,1,1,3,1,308,155000
495,OldTown,5784,5,8,1996,0,886,0,0,1,0,2,0,273,91300
496,IDOTRR,7879,4,5,1950,0,720,0,0,1,0,2,0,0,34900
497,NoRidge,12692,8,5,1993,0,3228,1,0,3,0,4,1,546,430000
498,BrkSide,9120,7,6,1950,0,1820,1,0,2,0,4,0,240,184000
499,Sawyer,7800,5,7,2004,89,899,0,0,1,0,3,0,288,130000
500,NAmes,7535,5,7,1985,0,912,0,1,1,0,2,0,297,120000
501,BrDale,1890,6,5,1973,285,1218,0,0,1,1,3,0,264,113000
502,Somerst,9803,7,5,2005,0,1768,0,0,2,1,3,0,603,226700
503,Edwards,9170,5,7,1965,0,1214,1,0,1,0,2,0,461,140000
504,Crawfor,15602,7,8,1997,0,1801,1,0,2,0,1,2,484,289000
505,NPkVill,2308,6,5,1974,0,1322,0,1,2,1,3,1,440,147000
506,OldTown,7596,5,5,1952,360,1960,0,0,2,0,4,0,400,124500
507,SawyerW,9554,8,5,1994,125,1911,0,0,2,1,3,1,471,215000
508,Somerst,7862,6,5,2009,0,1218,0,0,2,0,2,0,676,208300
509,OldTown,9600,7,9,2005,0,1378,0,0,2,0,3,1,360,161000
510,NAmes,9600,5,6,1959,132,1041,1,0,1,0,3,0,270,124500
511,NAmes,14559,5,7,2000,70,1363,1,0,1,0,2,2,288,164900
512,NridgHt,6792,7,5,2006,94,1368,0,0,2,0,2,1,474,202665
513,NAmes,9100,5,5,1958,0,864,1,0,1,0,3,0,624,129900
514,Mitchel,9187,6,5,1983,0,1080,0,0,1,1,3,0,484,134000
515,Crawfor,10594,5,5,1950,0,789,0,0,1,0,2,0,200,96500
516,NridgHt,12220,10,5,2009,305,2020,1,0,2,1,3,1,900,402861
517,NWAmes,10448,6,6,1972,333,2119,0,0,2,1,3,1,583,158000
518,NoRidge,10208,7,5,1997,921,2344,0,0,2,1,3,1,889,265000
519,CollgCr,9531,6,5,1998,0,1796,1,0,2,1,3,0,546,211000
520,Crawfor,10918,7,9,2004,0,2080,0,0,1,1,3,2,282,234000
521,OldTown,10800,4,7,2000,0,1294,0,0,2,0,3,0,0,106250
522,NAmes,11988,6,6,1957,0,1244,0,0,1,1,3,2,336,150000
523,BrkSide,5000,6,7,1950,0,1664,0,0,2,0,3,2,420,159000
524,Edwards,40094,10,5,2008,762,4676,1,0,3,1,3,1,884,184750
525,NoRidge,11787,7,5,1997,594,2398,1,0,2,1,3,1,834,315750
526,Somerst,7500,7,5,2005,0,1266,0,0,2,0,3,1,453,176000
527,NAmes,13300,5,7,2000,0,928,0,0,1,0,2,0,252,132000
528,NridgHt,14948,9,5,2008,268,2713,1,0,2,1,3,1,858,446261
529,Edwards,9098,4,7,2002,0,605,1,0,1,0,2,0,0,86000
530,Crawfor,32668,6,3,1975,,2515,1,0,3,0,4,2,484,200624
531,Timber,10200,6,5,1989,219,1509,1,0,2,0,3,1,600,175000
532,BrkSide,6155,6,8,1999,0,1362,0,0,2,0,3,0,502,128000
533,NAmes,7200,5,7,2007,0,827,0,0,1,0,2,1,392,107500
534,BrkSide,5000,1,3,1950,0,334,0,0,1,0,1,0,0,39300
535,Gilbert,9056,8,5,2004,0,1414,0,0,2,1,3,1,403,178000
536,Edwards,7000,5,7,1991,0,1347,1,0,1,0,3,0,0,107500
537,CollgCr,8924,7,5,1999,0,1724,0,0,2,1,3,0,527,188000
538,NAmes,12735,4,5,1972,0,864,0,0,1,0,3,0,576,111250
539,Sawyer,11553,5,5,1968,188,1159,0,0,1,1,3,1,336,158000
540,CollgCr,11423,8,5,2002,479,1601,1,0,2,0,3,1,670,272000
541,Timber,14601,9,5,2006,584,1838,1,0,2,0,2,1,765,315000
542,NoRidge,11000,8,5,2000,72,2285,0,0,2,1,4,1,648,248000
543,NWAmes,10140,7,5,1999,0,1680,1,0,2,0,3,1,583,213250
544,NAmes,4058,7,5,1998,182,767,1,0,1,0,1,0,367,133000
545,Gilbert,17104,7,5,2006,0,1496,1,0,2,1,3,1,426,179665
546,NWAmes,13837,7,5,1988,178,2183,0,0,2,1,4,0,786,229000
547,BrkSide,8737,6,7,1950,0,1635,0,0,1,1,3,1,440,210000
548,Mitchel,7244,5,7,1970,0,768,1,0,1,0,2,0,624,129500
549,OldTown,8235,5,7,1995,0,825,1,0,1,0,2,0,720,125000
550,Somerst,9375,7,5,2004,0,2094,0,0,2,1,4,1,615,263000
551,NPkVill,4043,6,6,1977,0,1069,0,0,2,0,2,0,440,140000
552,OldTown,6000,5,6,1957,0,928,0,0,1,0,3,0,288,112500
553,NridgHt,11146,8,5,2006,250,1717,0,0,2,0,3,1,908,255500
554,Edwards,8777,4,5,2003,0,1126,0,0,2,0,2,0,520,108000
555,NridgHt,10625,7,5,2004,292,2046,1,0,2,1,3,1,871,284000
556,BrkSide,6380,5,6,1950,0,1048,0,0,1,0,2,1,280,113000
557,NAmes,14850,5,5,1957,0,1092,1,0,1,0,2,1,299,141000
558,IDOTRR,11040,4,6,1950,0,1336,0,0,1,1,3,0,570,108000
559,Gilbert,21872,7,5,1997,0,1446,0,1,2,1,3,1,406,175000
560,Blmngtn,3196,7,5,2004,18,1557,0,0,2,0,2,1,420,234000
561,Sawyer,11341,5,6,1996,180,1392,1,0,1,1,3,1,528,121500
562,Mitchel,10010,5,5,1975,0,1389,1,0,1,0,2,1,418,170000
563,Edwards,13907,5,6,1969,0,996,1,0,1,0,3,1,0,108000
564,Edwards,21780,6,7,1950,0,1674,0,0,2,0,4,1,396,185000
565,NoRidge,13346,7,5,2000,0,2295,1,0,2,1,4,1,590,268000
566,SWISU,6858,6,4,1950,0,1647,1,0,1,1,4,0,216,128000
567,StoneBr,11198,9,5,2007,245,2504,0,0,2,1,4,1,656,325000
568,NridgHt,10171,7,5,2004,168,1535,0,0,2,0,3,0,532,214000
569,SawyerW,12327,8,8,2009,0,2132,1,0,1,1,1,1,612,316600
570,NAmes,7032,5,5,1979,0,943,1,0,1,0,2,2,600,135960
571,NAmes,13101,5,5,1965,108,1728,0,0,2,0,6,0,576,142600
572,NAmes,7332,6,6,1959,207,864,1,0,1,0,2,0,288,120000
573,Timber,13159,7,5,2009,0,1692,0,0,2,1,3,0,650,224500
574,Gilbert,9967,7,5,2000,0,1430,0,0,2,1,3,1,400,170000
575,NAmes,10500,5,7,2005,82,1109,0,1,1,0,3,0,288,139000
576,NAmes,8480,5,5,1950,0,1216,0,0,1,0,2,0,336,118500
577,SWISU,6292,7,7,1950,0,1477,0,1,2,0,3,1,216,145000
578,Sawyer,11777,5,6,1966,97,1320,1,0,1,0,3,2,564,164500
579,Somerst,3604,7,5,2007,0,1392,0,0,2,0,2,0,540,146000
580,OldTown,12150,5,5,1954,335,1795,0,0,2,0,4,0,352,131500
581,NAmes,14585,6,6,1987,85,1429,0,1,1,0,3,2,572,181900
582,NridgHt,12704,8,5,2009,306,2042,0,0,2,1,3,1,1390,253293
583,Edwards,11841,6,5,1990,104,816,1,0,1,0,3,0,0,118500
584,OldTown,13500,10,9,2000,0,2775,0,0,3,1,3,1,880,325000
585,BrkSide,6120,4,7,1995,0,1573,0,0,1,0,3,0,240,133000
586,Timber,11443,8,5,2006,208,2028,1,0,2,0,2,2,880,369900
587,BrkSide,10267,6,7,2000,0,838,1,0,1,0,2,0,275,130000
588,Sawyer,8740,5,6,1982,0,860,1,0,1,0,2,0,528,137000
589,ClearCr,25095,5,8,2003,0,1473,2,0,1,0,1,2,452,143000
590,BrkSide,9100,5,6,1960,0,935,0,0,1,0,2,0,308,79500
591,CollgCr,8320,7,5,2004,0,1582,0,0,2,1,3,0,520,185900
592,NridgHt,13478,10,5,2008,420,2296,1,0,2,1,3,1,842,451950
593,Mitchel,6600,5,8,2003,0,816,1,0,1,0,2,0,816,138000
594,CollgCr,4435,6,5,2003,170,848,1,0,1,0,1,0,420,140000
595,CollgCr,7990,5,6,1975,0,924,0,0,1,0,3,0,280,110000
596,StoneBr,11302,8,5,2006,238,1826,1,0,2,0,3,1,758,319000
597,OldTown,3600,6,7,1993,0,1368,0,0,1,0,3,0,216,114504
598,Blmngtn,3922,7,5,2007,72,1402,0,2,0,2,2,1,648,194201
599,Crawfor,12984,5,6,1977,459,1647,1,0,2,0,3,1,621,217500
600,Blueste,1950,6,6,1980,0,1556,1,0,2,1,3,1,452,151000
601,NridgHt,10927,8,5,2005,280,1904,1,0,2,1,3,1,736,275000
602,IDOTRR,9000,6,6,1950,0,1375,0,0,1,1,3,1,544,141000
603,SawyerW,10041,8,5,1992,0,1915,1,0,2,1,3,1,506,220000
604,Somerst,3182,7,5,2005,0,1200,0,0,2,1,2,0,480,151000
605,CollgCr,12803,7,5,2002,99,1494,1,0,2,0,3,1,530,221000
606,NAmes,13600,7,6,1990,176,1986,0,0,2,1,3,3,486,205000
607,CollgCr,12464,5,5,1996,0,1040,1,0,1,0,3,0,576,152000
608,Edwards,7800,5,8,2002,0,2008,1,0,3,0,3,0,230,225000
609,Crawfor,12168,8,6,1998,0,3194,0,0,2,1,4,2,380,359100
610,Sawyer,7943,4,5,1961,192,1029,1,0,1,0,3,0,261,118500
611,CollgCr,11050,9,5,2000,204,2153,1,0,2,1,3,2,736,313000
612,NWAmes,10395,6,6,1978,233,1032,0,1,2,0,3,1,564,148000
613,CollgCr,11885,8,5,2001,108,1872,1,0,2,1,3,1,531,261500
614,Mitchel,8402,5,5,2007,0,1120,0,0,1,0,3,0,0,147000
615,MeadowV,1491,4,6,1972,0,630,1,0,1,0,1,0,0,75500
616,NAmes,8800,6,7,1963,156,1054,1,0,1,0,3,0,480,137500
617,Gilbert,7861,6,5,2003,0,1509,1,0,2,1,3,1,393,183200
618,NAmes,7227,6,6,1954,0,832,0,0,1,0,2,0,528,105500
619,NridgHt,11694,9,5,2007,452,1828,0,0,2,0,3,1,774,314813
620,Timber,12244,8,5,2003,226,2262,1,0,2,1,4,2,749,305000
621,Edwards,8248,3,3,1950,0,864,1,0,1,0,2,0,0,67000
622,NWAmes,10800,6,7,1997,0,2614,0,0,2,1,4,1,624,240000
623,Sawyer,7064,5,6,1977,153,980,0,0,1,0,3,0,484,135000
624,Somerst,2117,6,5,2000,513,1512,0,0,2,1,2,1,440,168500
625,NWAmes,10400,6,5,1972,288,1790,1,0,1,2,4,1,484,165150
626,NAmes,10000,6,6,1962,261,1116,0,0,1,1,3,0,440,160000
627,NAmes,12342,5,5,1978,0,1422,0,0,1,0,3,1,286,139900
628,NAmes,9600,6,6,1972,164,1520,1,0,1,0,3,2,364,153000
629,NAmes,11606,5,5,1969,192,2080,0,1,1,2,5,2,504,135000
630,NAmes,9020,6,5,1964,259,1350,1,0,1,1,3,0,520,168500
631,OldTown,9000,5,6,1991,0,1750,0,0,1,0,3,0,240,124000
632,NridgHt,4590,8,5,2006,108,1554,0,0,2,0,2,1,627,209500
633,NWAmes,11900,7,5,1977,209,1411,0,0,2,0,3,1,544,82500
634,NAmes,9250,5,7,2005,0,1056,0,1,1,0,3,0,260,139400
635,OldTown,6979,6,5,1980,0,1056,2,0,0,0,0,0,576,144000
636,SWISU,10896,6,7,1995,0,3395,0,0,2,0,8,0,0,200000
637,BrkSide,6120,2,3,1950,0,800,0,0,1,0,1,1,0,60000
638,OldTown,6000,5,4,1954,0,1387,0,0,2,0,3,0,256,93000
639,Edwards,8777,5,7,1950,0,796,0,0,1,0,2,0,0,85000
640,Blmngtn,3982,8,5,2006,0,1567,1,0,2,0,1,1,648,264561
641,NridgHt,12677,8,5,2004,472,1518,0,0,1,1,1,1,588,274000
642,Somerst,7050,7,5,2001,0,1929,1,0,2,1,3,1,650,226000
643,NAmes,13860,8,7,1995,0,2704,1,0,2,1,4,3,538,345000
644,NWAmes,10793,5,5,1969,263,1620,0,0,2,1,4,0,462,152000
645,Somerst,9187,9,5,2009,162,1766,1,0,2,1,2,1,478,370878
646,NAmes,10530,6,5,1971,0,981,1,0,1,1,3,0,576,143250
647,NAmes,7200,5,5,1950,0,1048,0,0,1,0,3,0,420,98300
648,Edwards,10452,6,5,1953,216,1094,0,0,1,0,3,2,495,155000
649,NAmes,7700,6,5,1966,351,1839,0,0,1,1,4,1,442,155000
650,MeadowV,1936,4,6,1970,0,630,1,0,1,0,1,0,0,84500
651,Somerst,8125,7,6,2007,,1665,0,0,2,1,3,0,562,205950
652,Edwards,9084,4,5,1950,0,1510,1,0,1,0,4,1,296,108000
653,CollgCr,8750,7,5,1996,0,1716,0,0,2,1,2,1,512,191000
654,IDOTRR,10320,6,7,1995,0,1469,0,0,1,0,3,0,216,135000
655,NoRidge,10437,8,6,1995,660,2113,1,0,2,1,2,1,839,350000
656,BrDale,1680,6,5,1971,381,1092,0,0,1,1,3,0,264,88000
657,NAmes,10007,5,7,2006,54,1053,1,0,1,1,3,0,312,145500
658,Crawfor,7200,7,6,2000,0,1502,0,0,1,1,3,1,270,149000
659,NAmes,17503,6,5,1950,0,1458,0,1,1,0,3,1,330,97500
660,Edwards,9937,5,7,1999,0,1486,1,0,1,0,3,0,480,167000
661,NWAmes,12384,7,7,1976,233,1935,0,0,2,1,3,1,550,197900
662,NoRidge,46589,8,7,2005,528,2448,1,0,2,1,4,1,711,402000
663,NAmes,13560,6,3,1968,216,1392,1,0,1,0,2,2,576,110000
664,Edwards,10012,4,5,1972,0,1181,1,0,2,0,3,0,588,137500
665,Somerst,20896,8,5,2006,0,2097,1,0,1,1,1,1,1134,423000
666,Gilbert,11194,8,5,2000,40,1936,0,0,2,1,3,1,504,230500
667,NAmes,18450,6,5,1979,113,2380,0,0,2,1,3,1,596,129000
668,SawyerW,8125,6,5,1998,258,1679,1,0,2,0,3,1,575,193500
669,Sawyer,14175,5,6,1987,0,1437,1,0,1,1,3,1,576,168000
670,Crawfor,11600,4,5,1950,0,1180,0,0,1,0,2,1,252,137500
671,CollgCr,8633,6,5,2005,0,1476,1,0,2,1,3,0,540,173500
672,Edwards,6629,6,6,1950,0,1369,1,0,2,0,3,0,300,103600
673,Veenker,11250,6,6,1977,0,1208,1,0,1,1,3,1,546,165000
674,Crawfor,14442,6,7,2004,106,1839,1,0,2,0,3,2,416,257500
675,NAmes,9200,6,6,1965,0,1136,1,0,1,0,3,1,384,140000
676,NPkVill,2289,6,6,1978,0,1441,0,0,2,1,3,1,440,148500
677,OldTown,9600,4,2,1950,0,1774,1,0,2,0,4,0,779,87000
678,OldTown,9022,5,8,2006,0,792,0,0,1,0,2,0,240,109500
679,StoneBr,11844,8,5,2008,464,2046,0,0,2,1,3,1,834,372500
680,Sawyer,9945,5,5,1961,57,988,1,0,1,0,3,0,572,128500
681,SawyerW,8012,6,5,1980,0,923,0,0,2,0,2,1,264,143000
682,SWISU,4500,5,5,2000,0,1520,0,0,1,0,3,0,281,159434
683,ClearCr,2887,6,5,1997,0,1291,1,0,1,0,2,1,431,173000
684,CollgCr,11248,9,5,2002,215,1668,1,0,2,0,3,1,702,285000
685,NoRidge,16770,7,5,1998,30,1839,0,0,2,1,4,0,486,221000
686,StoneBr,5062,7,5,1984,0,2090,1,0,2,0,3,1,577,207500
687,Somerst,10207,7,6,2007,0,1761,0,0,3,0,3,0,578,227875
688,Somerst,5105,7,5,2004,0,1102,0,0,2,1,2,0,480,148800
689,StoneBr,8089,8,6,2007,0,1419,1,0,2,0,2,1,567,392000
690,NridgHt,7577,6,5,2006,256,1362,0,0,2,0,2,1,460,194700
691,CollgCr,4426,6,5,2004,147,848,1,0,1,0,1,1,420,141000
692,NoRidge,21535,10,6,1995,1170,4316,0,1,3,1,4,2,832,755000
693,Timber,26178,7,5,1990,293,2519,1,0,2,1,4,2,628,335000
694,OldTown,5400,5,6,1968,0,1073,0,0,1,0,2,0,326,108480
695,BrkSide,6120,5,6,1950,0,1539,0,0,1,1,3,0,576,141500
696,Timber,13811,6,6,1987,72,1137,1,0,2,0,2,1,551,176000
697,BrkSide,6000,5,7,1950,0,616,0,0,1,0,2,0,205,89000
698,Edwards,6420,5,7,1952,0,1148,0,1,1,0,2,0,308,123500
699,Sawyer,8450,5,8,2009,0,894,1,0,1,0,3,1,336,138500
700,Somerst,4282,7,5,2004,0,1391,0,0,2,0,2,0,530,196000
701,Timber,14331,8,5,2002,630,1800,1,0,2,0,3,1,765,312500
702,NWAmes,9600,7,5,1969,168,1164,0,0,1,1,3,0,528,140000
703,StoneBr,12438,8,5,2006,466,2576,0,0,2,1,4,1,666,361919
704,OldTown,7630,5,9,1996,0,1812,0,0,2,0,4,1,672,140000
705,CollgCr,8400,7,5,2005,109,1484,1,0,2,0,3,0,606,213000
706,IDOTRR,5600,4,5,1950,0,1092,0,0,2,0,3,0,0,55000
707,ClearCr,115149,7,5,2002,351,1824,1,0,2,0,2,2,739,302000
708,NridgHt,6240,8,5,2006,176,1324,1,0,2,0,2,1,550,254000
709,Gilbert,9018,7,5,2007,0,1456,0,0,2,1,3,1,400,179540
710,Sawyer,7162,5,7,1966,41,904,0,0,1,0,3,0,408,109900
711,BrkSide,4130,3,6,2003,0,729,0,0,1,0,2,0,0,52000
712,IDOTRR,8712,4,7,1950,0,1178,0,0,1,0,2,0,384,102776
713,StoneBr,4671,8,5,1989,0,1228,1,0,2,0,2,1,472,189000
714,BrkSide,9873,4,5,1970,160,960,1,0,1,0,3,0,576,129000
715,Sawyer,13517,6,8,2005,289,1479,0,0,2,1,3,0,475,130500
716,NWAmes,10140,6,5,1974,174,1350,0,0,2,0,3,1,478,165000
717,OldTown,10800,7,8,1998,0,2554,0,0,1,1,3,0,704,159500
718,NWAmes,10000,5,6,2000,0,1178,0,1,1,1,3,1,439,157000
719,NoRidge,10542,7,5,1994,651,2418,1,0,2,1,3,1,983,341000
720,CollgCr,9920,5,6,1969,0,971,0,0,1,1,3,1,300,128500
721,StoneBr,6563,8,5,1985,0,1742,1,0,2,0,2,1,564,275000
722,CollgCr,4426,6,5,2004,169,848,1,0,1,0,1,0,420,143000
723,NAmes,8120,4,7,1970,0,864,0,0,1,0,3,0,463,124500
724,Edwards,8172,4,6,1972,0,1470,0,0,2,0,4,0,548,135000
725,Edwards,13286,9,5,2008,340,1698,1,0,2,0,3,1,768,320000
726,NAmes,6960,4,6,1970,0,864,0,0,1,0,3,0,660,120500
727,Crawfor,21695,6,9,2007,260,1680,1,0,2,0,3,1,540,222000
728,CollgCr,7314,7,5,2007,82,1232,1,0,2,0,2,0,632,194500
729,NAmes,11475,5,5,1958,95,1776,1,0,2,0,4,0,888,110000
730,IDOTRR,6240,4,5,1950,0,1208,0,0,1,0,2,0,539,103000
731,StoneBr,5389,8,5,1996,0,1616,1,0,2,0,2,1,608,236500
732,Timber,9590,7,5,2003,442,1146,1,0,2,0,3,1,438,187500
733,CollgCr,11404,7,5,1999,202,2031,0,0,2,1,3,1,541,222500
734,Sawyer,10000,5,6,1983,0,1144,1,0,1,0,3,1,264,131400
735,Sawyer,8978,5,5,1968,0,948,0,0,1,0,3,0,300,108000
736,OldTown,10800,7,7,1970,0,1768,0,0,1,1,2,2,320,163000
737,NAmes,8544,3,4,1950,0,1040,0,0,2,0,2,0,400,93500
738,Gilbert,10463,8,5,2005,0,1801,0,0,2,1,3,1,800,239900
739,Edwards,10800,5,5,1988,0,1200,3,0,3,0,3,0,0,179000
740,CollgCr,9313,7,5,2004,0,1728,0,0,2,1,3,0,572,190000
741,OldTown,9600,5,7,2002,0,1432,0,0,2,0,2,0,360,132000
742,Sawyer,6768,6,8,1996,0,912,1,1,1,0,3,0,288,142000
743,SawyerW,8450,7,5,2001,108,1349,0,0,2,0,3,0,539,179000
744,Sawyer,12886,5,6,1999,0,1464,0,1,2,0,3,1,480,175000
745,StoneBr,5395,8,5,1993,0,1337,1,0,2,0,2,1,462,180000
746,NWAmes,8963,8,9,1996,289,2715,0,1,3,1,4,2,831,299800
747,Gilbert,8795,7,5,2000,0,2256,0,0,2,1,4,1,554,236000
748,OldTown,11700,7,7,2003,0,2640,0,0,1,1,4,1,864,265979
749,NoRidge,10593,7,5,1996,338,1720,1,0,2,0,3,1,527,260400
750,Edwards,8405,4,3,1950,0,1529,0,0,2,0,4,0,240,98000
751,OldTown,8800,4,7,2004,0,1140,0,0,1,0,3,0,0,96500
752,Gilbert,7750,7,5,2003,0,1320,0,0,2,1,3,0,400,162000
753,CollgCr,9236,6,5,1997,0,1494,1,0,2,0,3,0,576,217000
754,NridgHt,10240,8,5,2005,178,2098,0,0,2,1,3,1,878,275500
755,NAmes,7930,6,8,2005,0,1026,1,0,1,0,3,0,440,156000
756,Somerst,3230,6,5,1999,894,1471,0,0,2,1,3,0,440,172500
757,CollgCr,10769,8,5,2007,0,1768,0,0,2,1,3,0,578,212000
758,Sawyer,11616,6,5,1978,328,1386,0,0,2,1,3,1,440,158900
759,Somerst,2280,7,5,1999,360,1501,0,0,2,1,3,0,440,179400
760,NoRidge,12257,8,5,1995,513,2531,0,0,2,1,4,1,752,290000
761,NAmes,9100,6,6,1959,0,864,0,0,1,0,2,0,300,127500
762,BrkSide,6911,5,5,1950,0,1301,0,0,1,0,2,0,440,100000
763,Somerst,8640,7,5,2009,0,1547,0,0,2,1,3,0,614,215200
764,NoRidge,9430,8,5,1999,673,2365,1,0,2,1,3,1,856,337000
765,Veenker,9549,8,5,1996,0,1494,1,0,1,1,2,1,481,270000
766,Somerst,14587,9,5,2008,284,1506,0,0,2,0,2,1,592,264132
767,NWAmes,10421,7,5,1988,42,1714,0,0,2,1,3,1,496,196500
768,Mitchel,12508,6,7,1985,0,1750,1,0,2,0,4,0,423,160000
769,CollgCr,9100,7,5,2005,0,1836,0,0,2,0,3,1,484,216837
770,StoneBr,53504,8,5,2003,603,3279,1,0,3,1,4,1,841,538000
771,Sawyer,7252,5,5,1982,0,858,1,0,1,0,2,0,576,134900
772,Edwards,8877,4,5,1951,0,1220,0,0,1,0,2,0,396,102000
773,Edwards,7819,6,5,1976,0,1117,1,0,1,0,3,1,672,107000
774,NAmes,10150,5,5,1958,1,912,0,0,1,0,2,0,275,114500
775,NridgHt,14226,8,5,2006,375,1973,0,0,2,0,3,1,895,395000
776,Mitchel,4500,6,5,1998,320,1204,1,0,2,0,2,0,412,162000
777,CollgCr,11210,7,5,2006,240,1614,0,0,2,0,3,0,865,221500
778,Sawyer,13350,5,5,1974,0,894,1,0,1,0,3,1,440,142500
779,SawyerW,8400,5,5,1977,320,2020,0,0,2,0,4,2,630,144000
780,Mitchel,10530,6,5,1977,90,1004,1,0,1,0,2,0,504,135000
781,Gilbert,7875,7,5,1996,38,1253,0,0,2,0,3,1,402,176000
782,SawyerW,7153,6,5,1992,0,1603,0,0,2,1,3,0,484,175900
783,CollgCr,16285,7,5,2002,0,1430,0,0,2,0,3,0,605,187100
784,Mitchel,9101,5,6,1978,104,1110,1,0,1,0,1,1,602,165500
785,OldTown,6300,6,6,2001,0,1484,0,0,2,0,3,1,0,128000
786,NWAmes,9790,6,5,1967,0,1342,0,0,2,0,3,1,457,161500
787,OldTown,10800,5,6,1950,0,1652,1,0,2,0,4,0,416,139000
788,SawyerW,10142,7,5,2004,0,2084,1,0,2,1,4,0,618,233000
789,OldTown,6000,4,7,2000,0,901,0,0,1,0,2,0,281,107900
790,ClearCr,12205,6,8,2007,157,2087,0,0,2,1,5,0,444,187500
791,Blmngtn,3182,7,5,2006,11,1145,0,0,2,0,2,1,397,160200
792,Mitchel,11333,6,5,1976,0,1062,1,0,1,0,3,2,539,146800
793,NoRidge,9920,7,5,1997,0,2013,1,0,2,1,3,1,455,269790
794,Somerst,9158,8,5,2007,140,1496,0,0,2,0,3,0,474,225000
795,Gilbert,10832,7,5,1996,0,1895,0,0,2,1,3,1,409,194500
796,SawyerW,8400,6,6,1981,130,1564,0,0,2,1,3,1,476,171000
797,Sawyer,8197,6,5,1977,148,1285,0,0,1,1,3,1,528,143500
798,NAmes,7677,5,5,1953,0,773,0,0,1,0,2,0,240,110000
799,NridgHt,13518,9,5,2009,860,3140,0,0,3,1,4,2,820,485000
800,SWISU,7200,5,7,1950,252,1768,1,0,1,1,3,2,240,175000
801,ClearCr,12798,6,5,1997,0,1688,1,0,2,1,4,0,603,200000
802,IDOTRR,4800,4,7,1990,0,1196,1,0,1,0,2,0,440,109900
803,CollgCr,8199,7,5,2005,0,1456,1,0,2,1,3,1,410,189000
804,NridgHt,13891,9,5,2009,424,2822,0,0,3,1,4,1,1020,582933
805,NAmes,9000,5,5,1954,0,1128,0,0,1,0,2,0,286,118000
806,Somerst,12274,7,5,2008,256,1428,0,0,2,0,3,0,554,227680
807,NAmes,9750,5,5,1967,0,980,0,0,2,0,3,0,384,135500
808,BrkSide,21384,5,6,2004,0,1576,2,0,1,1,3,1,528,223500
809,NAmes,13400,5,5,1966,1047,1086,1,0,1,0,3,1,484,159950
810,OldTown,8100,5,5,1965,0,2138,0,0,2,0,2,0,360,106000
811,NWAmes,10140,6,6,1999,99,1309,1,0,1,1,3,1,484,181000
812,CollgCr,4438,6,5,2004,169,848,1,0,1,0,1,1,420,144500
813,IDOTRR,8712,5,5,1952,0,1044,0,0,1,0,2,0,504,55993
814,NAmes,9750,6,6,1958,243,1442,0,0,1,1,4,0,301,157900
815,Edwards,8248,5,7,1950,0,1250,0,1,1,1,3,0,280,116000
816,CollgCr,12137,7,5,1998,442,1661,0,0,2,0,3,0,598,224900
817,NAmes,11425,5,6,1954,0,1008,0,0,1,0,2,1,275,137000
818,Mitchel,13265,8,5,2002,148,1689,1,0,2,0,3,2,857,271000
819,ClearCr,8816,6,7,1971,80,1052,1,0,1,0,3,0,440,155000
820,NridgHt,6371,7,5,2010,128,1358,1,0,2,0,2,1,484,224000
821,CollgCr,7226,7,5,2003,0,1640,0,0,2,1,3,0,595,183000
822,OldTown,6000,4,4,1953,0,936,0,0,1,0,2,0,576,93000
823,Gilbert,12394,7,5,2003,0,1733,0,0,2,1,3,1,433,225000
824,SWISU,9900,6,7,1950,0,1489,0,0,2,0,3,1,240,139500
825,Somerst,11216,8,5,2006,0,1489,0,0,2,0,3,1,776,232600
826,NridgHt,14803,10,5,2008,816,2084,1,0,2,0,2,1,1220,385000
827,BrkSide,6130,5,6,1950,0,784,1,0,1,0,2,0,0,109500
828,SawyerW,8529,7,5,2001,0,1434,0,0,2,0,3,1,527,189000
829,ClearCr,28698,5,5,1967,0,2126,0,1,2,1,3,0,538,185000
830,Somerst,2544,7,5,2005,0,1223,0,0,2,1,2,0,480,147400
831,NAmes,11900,6,5,1957,387,1392,1,0,1,1,3,2,458,166000
832,Somerst,3180,7,5,2005,0,1200,0,0,2,1,2,0,480,151000
833,CollgCr,9548,7,6,2003,223,1829,1,0,2,1,3,1,613,237000
834,NAmes,10004,6,6,1964,180,1516,0,0,1,1,3,0,472,167000
835,NAmes,7875,5,6,1961,136,1144,1,0,1,0,3,0,456,139950
836,Sawyer,9600,4,7,1995,0,1067,0,0,2,0,2,0,436,128000
837,OldTown,8100,5,6,1973,0,1559,1,0,1,0,2,0,812,153500
838,BrDale,1680,6,5,1973,158,987,1,0,1,1,2,0,264,100000
839,CollgCr,9525,5,6,2006,0,1099,0,0,1,1,3,0,352,144000
840,Edwards,11767,5,6,1995,0,1200,0,0,1,0,3,0,240,130500
841,SWISU,12155,6,8,1950,0,1482,0,0,2,0,4,0,400,140000
842,OldTown,10440,5,8,2002,0,1539,0,0,2,0,3,1,686,157500
843,NAmes,9020,6,7,1966,183,1165,1,0,1,1,3,0,490,174900
844,NAmes,8000,5,4,1961,0,1800,0,0,2,0,6,0,0,141000
845,OldTown,12665,5,8,1950,0,1416,0,0,1,1,4,1,720,153900
846,Sawyer,16647,5,5,1981,0,1701,1,0,2,0,3,2,611,171000
847,SawyerW,9317,7,5,1993,137,1775,1,0,2,1,3,1,425,213000
848,CollgCr,15523,5,6,1972,0,864,1,0,1,0,3,1,338,133500
849,ClearCr,45600,6,8,1997,0,2358,0,0,3,0,5,1,360,240000
850,Veenker,9600,6,7,1994,360,1855,0,0,2,1,3,1,512,187000
851,CollgCr,4435,6,5,2003,170,848,1,0,1,0,1,0,420,131500
852,Blmngtn,3196,8,5,2003,40,1456,0,0,2,0,2,1,400,215000
853,Crawfor,7128,7,5,1950,0,1646,0,0,2,0,4,2,240,164000
854,NAmes,12095,6,6,1964,115,1445,0,0,1,1,3,1,645,158000
855,Sawyer,17920,5,4,1974,0,1779,1,0,1,1,3,1,454,170000
856,Sawyer,6897,5,8,2010,0,1040,1,0,1,1,3,0,260,127000
857,CollgCr,10970,6,6,1978,0,1026,1,0,1,0,3,0,576,147000
858,Gilbert,8125,6,5,1995,0,1481,0,0,2,1,3,1,343,174000
859,NWAmes,10400,7,5,1976,189,1370,0,0,2,0,3,1,479,152000
860,NWAmes,11029,6,7,1984,220,2654,1,0,2,1,4,1,619,250000
861,Crawfor,7642,7,8,1998,0,1426,0,0,1,1,3,1,216,189950
862,Sawyer,11625,5,4,1965,0,1039,1,0,1,1,3,0,504,131500
863,SawyerW,9672,6,5,1985,0,1097,0,0,2,0,3,0,480,152000
864,NAmes,7931,5,5,1959,0,1148,1,0,1,0,3,0,672,132500
865,Somerst,8640,7,5,2008,0,1372,0,0,2,0,3,0,529,250580
866,NAmes,8750,5,6,1970,76,1002,1,0,1,0,3,0,902,148500
867,Timber,10656,8,5,2007,274,1646,0,0,2,0,3,1,870,248900
868,Sawyer,6970,4,5,1961,0,1120,1,0,1,1,3,0,544,129000
869,Gilbert,14762,5,6,1950,0,2320,0,0,2,0,2,1,672,169000
870,SawyerW,9938,7,5,1994,246,1949,1,0,2,1,3,1,574,236000
871,NAmes,6600,5,5,1962,0,894,0,0,1,0,2,0,308,109500
872,CollgCr,8750,6,5,1998,116,1682,0,0,2,1,3,0,523,200500
873,NAmes,8892,5,7,1996,0,910,0,0,1,0,3,0,414,116000
874,NAmes,12144,5,7,1950,0,1268,0,0,1,0,3,1,288,133000
875,OldTown,5720,5,6,1950,0,1131,0,0,1,1,3,0,200,66500
876,Somerst,9000,8,5,2007,0,2610,0,0,2,1,4,1,550,303477
877,Mitchel,25286,4,5,1963,0,1040,1,0,1,0,3,0,648,132250
878,NridgHt,8834,9,5,2005,216,2224,1,0,2,1,4,1,738,350000
879,Sawyer,11782,5,7,1995,0,1155,1,0,1,0,3,0,576,148000
880,CollgCr,7000,5,8,2005,90,864,1,0,1,0,3,0,336,136500
881,Edwards,7024,5,5,2006,0,1090,1,0,1,1,2,0,450,157000
882,Timber,13758,7,5,1991,117,1717,0,0,2,1,3,1,400,187500
883,Gilbert,9636,6,5,1993,0,1593,0,0,2,1,3,1,389,178000
884,SWISU,6204,4,5,1950,0,2230,1,0,1,0,5,0,440,118500
885,NAmes,7150,5,5,1967,60,892,0,0,1,0,3,0,288,100000
886,Somerst,5119,9,5,2000,60,1709,1,0,2,0,2,1,506,328900
887,NAmes,8393,5,5,2005,122,1712,0,0,2,0,4,0,588,145000
888,Edwards,16466,5,7,1955,0,1393,0,0,1,1,3,0,300,135500
889,NAmes,15865,8,6,1970,0,2217,1,0,2,0,4,1,621,268000
890,NAmes,12160,6,4,1953,90,1505,1,0,1,0,2,1,505,149500
891,NAmes,8064,5,7,2006,0,924,0,0,1,0,3,1,576,122900
892,Sawyer,11184,6,5,1978,92,1683,0,0,2,1,3,1,440,172500
893,Sawyer,8414,6,8,2003,0,1068,0,1,1,0,3,0,264,154500
894,Sawyer,13284,5,5,1954,0,1383,1,0,1,0,3,1,354,165000
895,SawyerW,7018,5,5,1979,0,1535,0,0,2,0,4,0,400,118858
896,NAmes,7056,6,5,1963,415,1796,1,0,1,1,4,1,483,140000
897,IDOTRR,8765,4,6,1950,0,951,0,0,1,0,2,0,327,106500
898,SawyerW,7018,5,5,1979,0,2240,0,0,2,0,6,0,528,142953
899,NridgHt,12919,9,5,2010,760,2364,1,0,2,1,2,2,820,611657
900,Sawyer,6993,5,7,1994,0,1236,0,0,1,0,3,1,288,135000
901,NAmes,7340,4,6,1971,0,858,0,0,1,0,2,0,684,110000
902,NAmes,8712,5,7,2000,0,1306,1,0,1,0,2,0,756,153000
903,Gilbert,7875,7,5,2003,0,1509,0,0,2,1,3,1,393,180000
904,Gilbert,14859,7,5,2006,27,1670,0,0,2,0,3,1,690,240000
905,Sawyer,6173,5,6,1967,75,902,0,0,1,0,3,0,288,125500
906,NAmes,9920,5,5,1954,110,1063,1,0,1,0,3,0,280,128000
907,Somerst,13501,8,5,2006,208,1636,1,0,2,0,3,1,865,255000
908,Crawfor,11500,7,7,1987,0,2057,0,0,1,1,3,1,180,250000
909,Mitchel,8885,5,5,1983,0,902,1,0,1,0,2,0,484,131000
910,Gilbert,12589,6,5,2005,0,1484,0,0,2,1,3,1,390,174000
911,NAmes,11600,5,5,1960,361,2274,0,0,2,0,5,0,480,154300
912,CollgCr,9286,5,7,1989,0,1268,0,0,1,1,3,0,252,143500
913,BrkSide,6120,5,7,1950,0,1015,0,0,1,0,3,0,450,88000
914,Crawfor,6270,5,6,1950,0,2002,0,0,2,0,4,0,871,145000
915,Somerst,3000,6,5,2009,76,1224,0,0,2,1,2,0,528,173733
916,MeadowV,2001,4,5,1970,80,1092,0,0,1,1,3,0,286,75000
917,IDOTRR,9000,2,3,1950,0,480,1,0,0,0,1,0,308,35311
918,Edwards,17140,4,6,1956,0,1229,0,0,1,0,3,0,284,135000
919,SawyerW,13125,7,5,1991,0,2127,1,0,2,1,4,1,833,238000
920,NAmes,11029,6,8,2002,0,1414,1,0,1,0,3,1,601,176500
921,SawyerW,8462,6,5,1994,105,1721,0,1,2,1,3,0,471,201000
922,Edwards,8777,5,7,2003,0,2200,2,0,2,2,4,0,0,145900
923,Gilbert,10237,6,5,2006,0,1316,0,0,2,0,3,1,397,169990
924,SawyerW,8012,6,5,1994,0,1617,1,0,2,0,2,1,533,193000
925,NWAmes,10240,6,6,1980,157,1686,1,0,2,0,3,1,612,207500
926,NWAmes,15611,5,6,1977,0,1126,0,1,2,0,3,0,540,175000
927,NridgHt,11999,8,5,2004,340,2374,0,0,2,1,4,1,656,285000
928,NWAmes,9900,7,5,1968,342,1978,0,0,2,1,4,1,486,176000
929,CollgCr,11838,8,5,2001,0,1788,0,0,2,0,3,1,522,236500
930,Gilbert,13006,7,5,1997,285,2236,0,0,2,1,4,1,642,222000
931,Timber,8925,8,5,2007,0,1466,0,0,2,0,3,0,610,201000
932,NAmes,9100,5,6,1965,0,925,0,1,1,0,2,0,429,117500
933,Somerst,11670,9,5,2006,302,1905,0,0,2,0,3,1,788,320000
934,CollgCr,8487,7,5,2004,210,1500,0,0,2,0,3,0,570,190000
935,NAmes,27650,7,7,2007,0,2069,1,0,2,0,4,1,505,242000
936,BrkSide,5825,4,5,1953,108,747,0,0,1,0,1,0,528,79900
937,SawyerW,10083,7,5,2003,,1200,1,0,2,0,2,0,555,184900
938,Somerst,9675,7,5,2005,0,1971,0,0,2,1,3,1,689,253000
939,CollgCr,8760,7,5,2006,0,1962,0,0,2,1,3,0,868,239799
940,ClearCr,24090,7,7,1950,0,2403,0,0,2,0,4,2,349,244400
941,Mitchel,12640,6,5,1976,0,1728,0,0,2,0,4,0,574,150900
942,Gilbert,8755,7,5,1999,298,2060,1,0,2,1,3,1,390,214000
943,Edwards,7711,4,3,1977,0,1440,2,0,2,0,4,0,0,150000
944,Mitchel,25000,5,4,1967,0,1632,0,0,2,0,4,0,576,143000
945,Timber,14375,6,6,1958,541,1344,0,1,1,0,3,1,525,137500
946,OldTown,8820,5,6,1996,0,1869,0,0,1,0,2,0,456,124900
947,NAmes,8163,5,6,1959,128,1144,1,0,1,0,3,1,796,143000
948,Timber,14536,8,5,2003,236,1629,1,0,2,0,3,1,808,270000
949,CollgCr,14006,7,5,2002,144,1776,0,0,2,1,3,1,474,192500
950,NWAmes,9360,6,7,2006,0,1381,1,0,1,1,3,1,676,197500
951,NAmes,7200,5,8,2002,0,864,1,0,1,0,3,0,720,129000
952,SawyerW,7800,5,5,1965,0,965,1,0,1,0,3,0,300,119900
953,CollgCr,7200,5,8,2003,0,768,0,1,1,0,2,0,396,133900
954,Mitchel,11075,5,4,1969,232,1968,0,1,2,1,4,1,530,172000
955,Edwards,9400,6,5,1975,250,980,0,2,2,0,4,0,0,127500
956,Crawfor,7136,6,6,1950,423,1958,0,0,2,0,4,0,492,145000
957,Blueste,1300,6,6,1980,0,1229,0,0,1,1,2,1,462,124000
958,Sawyer,7420,5,5,1962,0,1057,0,0,1,0,3,0,576,132000
959,CollgCr,8450,7,5,2003,0,1337,1,0,2,0,3,0,531,185000
960,Somerst,2572,7,5,1999,0,1416,1,0,2,1,3,0,484,155000
961,BrkSide,7207,5,7,2008,0,858,1,0,1,0,2,0,0,116500
962,NWAmes,12227,6,7,1995,424,2872,1,0,2,1,4,1,619,272000
963,NPkVill,2308,6,6,1976,0,1548,1,0,2,1,3,1,440,155000
964,CollgCr,11923,9,5,2007,0,1800,0,0,2,0,2,0,702,239000
965,Timber,11316,7,5,2003,44,1894,1,0,2,1,4,1,510,214900
966,Gilbert,10237,6,5,2007,0,1484,0,0,2,1,3,1,393,178900
967,Crawfor,9600,5,7,1950,0,1308,1,0,1,1,2,2,256,160000
968,NAmes,7390,5,7,1955,151,1098,1,0,1,0,3,0,260,135000
969,OldTown,5925,3,6,1950,0,968,0,0,1,0,2,0,0,37900
970,NAmes,10382,6,5,1958,105,1095,1,0,1,0,2,0,264,140000
971,NAmes,10800,4,4,1950,0,1192,0,0,1,1,4,0,0,135000
972,NridgHt,2268,7,5,2004,106,1626,0,0,2,0,2,0,474,173000
973,SawyerW,7892,6,5,1979,0,918,0,0,2,0,2,1,264,99500
974,Somerst,11639,7,5,2008,,1428,0,0,2,0,3,0,480,182000
975,BrkSide,11414,7,8,1993,0,2019,0,0,1,0,3,0,532,167500
976,Somerst,2651,7,5,2000,0,1382,1,0,2,1,3,0,490,165000
977,BrkSide,5900,4,7,1958,0,869,0,0,1,0,2,0,0,85500
978,Somerst,4274,7,5,2007,,1241,1,0,1,1,1,0,569,199900
979,Edwards,9450,4,5,1954,0,894,0,0,1,0,3,0,400,110000
980,Sawyer,8816,5,6,1963,0,1121,1,0,1,0,3,0,480,139000
981,NAmes,12122,7,9,2007,210,999,1,0,1,0,3,0,588,178400
982,NoRidge,12203,8,5,1999,975,2612,1,0,2,1,4,1,676,336000
983,Blmngtn,3182,7,5,2007,16,1266,0,0,2,0,2,1,388,159895
984,CollgCr,11250,8,5,2002,0,2290,0,0,2,1,4,1,779,255900
985,Mitchel,10125,5,5,1977,0,1734,0,0,2,0,4,0,539,126000
986,Edwards,10880,5,5,1950,0,1164,1,0,1,0,3,0,240,125000
987,OldTown,5310,6,8,2003,0,1635,0,0,1,0,2,0,255,117000
988,NridgHt,10159,9,5,2010,450,1940,1,0,2,1,3,1,606,395192
989,NWAmes,12046,6,6,1976,298,2030,0,0,2,1,4,1,551,195000
990,Somerst,8125,7,5,2006,0,1576,0,0,2,1,3,0,614,197000
991,NoRidge,9452,8,5,1998,423,2392,1,0,2,1,3,1,870,348000
992,OldTown,17671,8,9,1986,0,1742,0,0,1,1,4,1,424,168000
993,NAmes,9760,6,8,1993,340,1851,0,0,2,1,3,1,440,187000
994,CollgCr,8846,6,5,2006,0,1500,0,0,2,1,3,0,564,173900
995,NridgHt,12456,10,5,2007,230,1718,1,0,2,0,3,1,786,337500
996,BrkSide,4712,4,7,1950,0,1230,1,0,1,1,3,0,305,121600
997,NAmes,10659,5,6,1961,0,1050,1,0,1,0,3,0,368,136500
998,NWAmes,11717,6,6,1970,571,1442,0,0,2,0,2,1,615,185000
999,IDOTRR,9786,3,4,1950,0,1077,0,0,1,0,3,1,210,91000
1000,CollgCr,6762,7,5,2006,24,1208,1,0,2,0,2,0,632,206000
1001,Edwards,10206,3,3,1952,0,944,0,0,1,0,2,0,528,82000
1002,OldTown,5400,5,6,1950,0,691,0,0,1,0,2,0,216,86000
1003,Somerst,11957,8,5,2006,53,1574,0,0,2,0,3,1,824,232000
1004,NWAmes,11500,5,6,1976,164,1680,0,0,2,0,4,0,528,136905
1005,Blmngtn,3182,7,5,2006,16,1504,0,0,2,0,1,1,457,181000
1006,CollgCr,8385,5,8,1977,220,985,0,0,2,0,3,0,328,149900
1007,NAmes,12155,6,3,1970,0,1657,0,1,2,0,3,1,484,163500
1008,MeadowV,2217,4,4,1970,0,1092,0,0,1,1,3,0,286,88000
1009,Mitchel,12118,7,5,2005,108,1710,0,0,2,0,3,1,550,240000
1010,SWISU,6000,5,5,1950,0,1522,0,0,2,0,4,0,0,102000
1011,Sawyer,21286,5,5,1950,0,1271,0,0,2,0,4,1,312,135000
1012,Edwards,9825,5,5,1965,0,1664,0,0,2,0,4,0,0,100000
1013,Crawfor,10592,6,7,1996,0,1502,0,0,1,1,3,2,180,165000
1014,OldTown,7200,5,4,2006,0,1022,1,0,1,0,2,0,280,85000
1015,NAmes,11664,6,5,1950,206,1082,0,0,1,0,2,1,240,119200
1016,NWAmes,8400,8,6,2001,0,1665,1,0,2,1,3,0,528,227000
1017,CollgCr,11883,7,5,1996,196,1504,1,0,2,0,3,1,478,203000
1018,StoneBr,5814,8,5,1984,0,1360,1,0,1,0,1,1,565,187500
1019,Gilbert,10784,7,5,1992,76,1472,0,0,2,1,3,1,402,160000
1020,Blmngtn,3013,7,5,2005,145,1506,0,0,2,0,2,1,440,213490
1021,Edwards,7024,4,5,2005,0,1132,1,0,1,1,2,0,451,176000
1022,CollgCr,7406,7,5,2006,84,1220,1,0,2,0,2,0,632,194000
1023,OldTown,9439,5,5,1950,0,1248,0,0,1,0,2,0,160,87000
1024,Blmngtn,3182,7,5,2006,14,1504,0,0,2,0,2,1,437,191000
1025,Timber,15498,8,6,1976,0,2898,1,0,2,0,2,1,665,287000
1026,CollgCr,7700,5,5,1972,0,882,1,0,1,0,3,0,461,112500
1027,NAmes,9300,5,5,1960,324,1264,1,0,1,0,3,2,461,167500
1028,Timber,9520,8,5,2008,338,1646,1,0,2,0,3,1,800,293077
1029,NAmes,9492,5,5,1950,0,1376,1,0,1,0,3,1,240,105000
1030,BrDale,1680,6,7,1972,281,1218,0,1,1,1,3,0,264,118000
1031,SWISU,7082,5,8,1995,0,1928,0,0,2,0,5,0,0,160000
1032,SWISU,15863,7,3,1970,0,3082,1,0,2,1,5,2,672,197000
1033,NoRidge,14541,8,7,1993,0,2520,1,0,2,1,5,1,796,310000
1034,CollgCr,8125,7,5,2002,295,1654,1,0,2,0,3,0,900,230000
1035,Crawfor,6305,5,7,1950,0,954,0,0,1,0,2,1,240,119750
1036,Edwards,11500,4,3,1957,0,845,0,0,1,0,3,0,290,84000
1037,Timber,12898,9,5,2008,70,1620,1,0,2,0,2,1,912,315500
1038,CollgCr,9240,8,5,2002,396,2263,0,0,2,1,3,1,905,287000
1039,MeadowV,1533,4,6,2008,0,1344,0,0,1,1,3,1,0,97000
1040,MeadowV,1477,4,4,1970,0,630,1,0,1,0,1,0,286,80000
1041,Sawyer,13125,5,4,2000,67,1803,1,0,2,0,3,1,484,155000
1042,NWAmes,9130,6,8,2000,252,1632,0,1,1,1,4,0,484,173000
1043,NridgHt,5381,6,5,2005,135,1306,1,0,2,0,1,1,624,196000
1044,SawyerW,11839,7,5,1990,99,2329,1,0,2,1,4,1,514,262280
1045,NWAmes,9600,8,5,1981,0,2524,1,0,2,1,4,1,542,278000
1046,Edwards,13680,3,5,1955,0,1733,0,0,2,0,4,1,452,139600
1047,StoneBr,16056,9,5,2006,208,2868,0,0,3,1,4,1,716,556581
1048,CollgCr,9245,5,5,1995,0,990,0,1,1,0,3,0,672,145000
1049,Mitchel,21750,5,4,2006,75,1771,0,0,1,0,3,1,336,115000
1050,Edwards,11100,4,7,2006,0,930,0,0,1,0,2,0,308,84900
1051,Gilbert,8993,7,5,2007,0,1302,0,0,2,0,3,0,436,176485
1052,CollgCr,11175,7,5,2007,0,1316,0,0,2,0,3,1,440,200141
1053,NAmes,9500,6,6,1978,272,1977,0,1,1,1,4,1,540,165000
1054,Edwards,8562,5,6,2002,145,1526,0,0,1,0,4,1,364,144500
1055,CollgCr,11367,8,5,2002,210,1989,1,0,2,1,3,1,586,255000
1056,NWAmes,11361,6,5,1976,160,1523,0,1,2,0,3,1,478,180000
1057,NridgHt,7052,7,5,2005,240,1364,1,0,2,0,2,1,484,185850
1058,NoRidge,29959,7,6,1994,0,1850,0,0,2,1,3,1,467,248000
1059,NridgHt,11308,9,5,2008,154,2184,1,0,2,1,3,1,836,335000
1060,Crawfor,11275,6,7,1950,480,1991,0,0,1,1,3,1,432,220000
1061,StoneBr,4920,8,5,2001,0,1338,1,0,2,0,2,0,582,213500
1062,IDOTRR,18000,3,4,1950,0,894,0,0,1,0,2,0,1248,81000
1063,OldTown,13600,5,5,1950,0,2337,0,0,2,0,5,0,560,90000
1064,OldTown,6000,6,6,1980,0,1103,0,0,1,0,2,1,440,110500
1065,NAmes,11000,5,6,1966,200,1154,0,0,1,1,3,1,480,154000
1066,ClearCr,14000,7,5,1997,0,2260,1,0,2,1,3,0,533,328000
1067,Gilbert,7837,6,7,1994,0,1571,0,0,2,1,3,1,380,178000
1068,NAmes,9760,6,6,1964,360,1611,1,0,1,1,4,0,442,167900
1069,MeadowV,3964,6,4,1973,0,2521,1,0,2,1,5,1,576,151400
1070,NAmes,9600,5,7,2003,0,893,0,1,1,0,2,0,576,135000
1071,NAmes,10152,5,5,1956,120,1048,1,0,1,0,3,0,286,135000
1072,NWAmes,11700,6,6,1968,0,1556,0,0,1,1,4,0,441,154000
1073,Edwards,7585,5,3,1950,0,1456,1,1,1,0,4,1,280,91500
1074,Edwards,7950,6,6,1977,140,1426,0,0,1,1,3,0,440,159500
1075,CollgCr,8556,7,5,2006,0,1240,0,0,2,0,2,0,826,194000
1076,Crawfor,13125,7,6,1984,0,1740,0,0,1,1,3,2,240,219500
1077,OldTown,10800,5,8,1989,0,1466,0,1,2,0,3,1,566,170000
1078,NAmes,15870,5,5,1969,0,1096,1,0,1,0,3,0,299,138800
1079,CollgCr,4435,6,5,2004,169,848,1,0,1,0,1,1,420,155900
1080,CollgCr,8775,5,5,1994,0,990,0,0,1,0,3,0,299,126000
1081,NWAmes,11040,6,7,2004,144,1258,0,1,2,0,3,0,528,145000
1082,Sawyer,7500,5,5,1963,0,1040,1,0,1,1,3,0,308,133000
1083,CollgCr,8749,7,5,2002,100,1459,0,0,2,0,3,1,527,192000
1084,NAmes,8800,6,6,1964,425,1251,1,0,1,0,3,2,461,160000
1085,Gilbert,13031,6,5,1996,0,1498,0,0,2,1,3,1,409,187500
1086,SawyerW,9069,6,6,1992,0,996,1,0,1,0,2,0,564,147000
1087,MeadowV,1974,4,5,1973,0,1092,0,0,1,1,3,0,286,83500
1088,Somerst,10574,8,5,2006,0,1953,0,0,2,1,3,1,1043,252000
1089,Edwards,2522,7,5,2004,50,1709,0,0,2,0,3,0,380,137500
1090,Somerst,3316,8,5,2005,0,1247,1,0,1,1,1,1,550,197000
1091,NAmes,8544,3,4,1950,0,1040,0,0,2,0,2,0,400,92900
1092,Somerst,2160,7,5,2000,212,1252,1,0,2,1,2,0,462,160000
1093,SWISU,8400,6,5,1950,0,1694,0,0,2,0,4,1,576,136500
1094,NAmes,9230,5,8,1998,166,1200,1,0,1,1,1,0,884,146000
1095,NAmes,5868,5,7,2000,0,936,1,0,1,0,2,0,308,129000
1096,CollgCr,9317,6,5,2006,0,1314,0,0,2,0,3,1,440,176432
1097,IDOTRR,6882,6,7,2006,0,1355,0,0,1,1,3,0,0,127000
1098,StoneBr,3696,8,5,1986,0,1088,0,0,1,1,2,0,461,170000
1099,BrkSide,6000,4,6,1950,0,1324,0,0,1,0,3,0,240,128000
1100,NWAmes,11880,7,5,1978,206,1601,0,0,2,0,3,1,478,157000
1101,SWISU,8400,2,5,1950,0,438,0,0,1,0,1,0,246,60000
1102,NAmes,9758,5,5,1971,0,950,0,0,1,0,3,0,280,119500
1103,NAmes,7000,5,7,2002,45,1134,0,0,1,0,2,0,254,135000
1104,NAmes,8910,6,6,1959,0,1194,0,1,1,0,3,1,539,159500
1105,BrDale,2016,5,5,1970,304,1302,0,0,2,1,3,0,440,106000
1106,NoRidge,12256,8,5,1995,362,2622,1,0,2,1,3,2,712,325000
1107,SawyerW,10357,7,5,1991,0,1442,1,0,2,0,3,1,719,179900
1108,Gilbert,23257,7,5,2006,0,2021,0,0,2,1,3,1,422,274725
1109,Gilbert,8063,6,5,2000,0,1690,0,0,2,1,3,1,463,181000
1110,NridgHt,11362,8,5,2005,42,1836,1,0,2,0,3,1,862,280000
1111,Gilbert,8000,6,5,1996,0,1658,1,0,2,1,3,1,431,188000
1112,NWAmes,10480,7,6,1976,660,1964,0,0,2,1,4,1,483,205000
1113,NAmes,7100,5,7,1957,0,816,1,0,1,0,2,0,308,129900
1114,NAmes,8923,5,7,2006,0,1008,1,0,1,0,2,0,240,134500
1115,OldTown,5400,5,7,2000,0,833,0,0,1,0,2,0,326,117000
1116,NridgHt,12085,8,5,2007,328,1734,1,0,2,0,3,1,928,318000
1117,Gilbert,7750,8,5,2002,0,1419,1,0,2,1,3,1,527,184100
1118,Sawyer,9764,5,7,2003,0,894,1,0,1,0,3,0,450,130000
1119,Sawyer,13825,5,6,1987,0,1601,0,1,1,0,3,0,300,140000
1120,NAmes,7560,5,5,1959,0,1040,0,0,1,0,3,0,286,133700
1121,IDOTRR,8263,6,5,1950,0,1012,0,0,1,0,2,1,308,118400
1122,CollgCr,10084,7,5,2006,196,1552,0,0,2,0,3,0,782,212900
1123,Edwards,8926,4,3,1956,0,960,0,0,1,0,3,0,288,112000
1124,Edwards,9405,5,9,2008,0,698,0,1,1,0,2,0,0,118000
1125,Gilbert,9125,7,5,1992,170,1482,0,0,2,1,3,1,392,163900
1126,NAmes,10434,4,5,1955,0,1005,0,0,1,0,2,1,672,115000
1127,Blmngtn,3684,7,5,2007,130,1555,0,0,2,0,2,1,660,174000
1128,Gilbert,14572,7,5,2004,0,1530,1,0,2,0,3,1,630,259000
1129,Gilbert,11796,7,5,2005,0,1959,0,0,2,1,4,1,434,215000
1130,OldTown,7200,5,5,1980,180,936,1,0,1,0,2,0,672,140000
1131,SWISU,7804,4,3,1950,0,1981,1,0,2,0,4,2,576,135000
1132,Mitchel,10712,5,5,1992,0,974,0,0,1,0,3,0,0,93500
1133,OldTown,9900,6,4,1950,0,2210,0,0,2,0,5,0,205,117500
1134,SawyerW,9828,8,5,1995,0,2020,0,0,2,1,3,1,466,239500
1135,Gilbert,8773,6,5,1997,0,1600,0,0,2,1,3,1,460,169000
1136,BrkSide,6180,6,5,1950,0,986,0,0,1,0,2,1,180,102000
1137,NAmes,9600,6,5,1950,0,1252,0,0,1,0,3,0,288,119000
1138,Sawyer,6342,5,8,1996,0,1020,0,0,1,0,2,0,0,94000
1139,Mitchel,9819,6,5,1977,0,1567,1,0,2,0,2,2,714,196000
1140,BrkSide,8731,5,5,1950,0,1167,0,0,1,0,3,1,495,144000
1141,NAmes,7350,5,7,1951,0,952,1,0,1,0,2,0,840,139000
1142,NWAmes,10304,5,7,1976,44,1868,1,0,2,1,4,1,484,197500
1143,CollgCr,9965,8,5,2007,340,2828,1,0,3,0,4,1,1052,424870
1144,Sawyer,9000,5,3,1959,0,1006,0,0,1,0,3,0,0,80000
1145,Edwards,12180,4,4,1950,0,924,1,0,1,0,2,0,280,80000
1146,BrkSide,6240,5,6,1950,0,1576,0,0,1,0,3,1,225,149000
1147,SawyerW,11200,6,5,1985,85,1298,1,0,2,0,3,1,403,180000
1148,Crawfor,12000,7,7,1950,0,1564,0,0,1,1,3,1,234,174500
1149,OldTown,5700,7,7,1950,0,1111,0,0,1,0,2,1,288,116900
1150,OldTown,9000,7,9,1988,0,1482,0,1,1,0,3,0,324,143000
1151,NAmes,8280,6,5,1950,0,932,0,0,1,0,2,1,306,124000
1152,Edwards,17755,5,4,1959,132,1466,0,0,1,1,3,2,528,149900
1153,Crawfor,14115,6,7,2004,0,1811,0,0,1,0,2,1,470,230000
1154,IDOTRR,5890,6,8,2007,0,816,0,0,1,0,2,0,432,120500
1155,NAmes,13700,7,6,1988,288,1820,0,0,1,2,4,2,492,201800
1156,Veenker,10768,5,8,2004,0,1437,1,0,2,0,3,1,528,218000
1157,NAmes,9350,5,8,1999,0,1265,0,1,2,0,3,1,502,179900
1158,NridgHt,5001,7,5,2008,166,1314,1,0,2,0,2,1,626,230000
1159,Somerst,11932,8,5,2008,186,1580,0,0,2,0,3,0,830,235128
1160,NWAmes,9120,6,6,1974,270,1876,0,0,2,1,4,1,540,185000
1161,NPkVill,2280,6,5,1978,0,1456,0,0,2,1,3,1,440,146000
1162,Crawfor,14778,6,7,2006,72,1640,1,0,1,0,3,1,924,224000
1163,Sawyer,8724,5,5,1968,0,894,0,0,1,0,3,1,450,129000
1164,Sawyer,12900,4,4,1969,0,1258,2,0,0,2,0,0,400,108959
1165,Veenker,16157,5,7,1978,0,1432,1,0,1,1,2,1,588,194000
1166,NridgHt,9541,7,5,2009,268,1502,0,0,2,0,3,0,644,233170
1167,CollgCr,10475,8,5,2008,72,1694,0,0,2,0,3,0,776,245350
1168,Gilbert,10852,6,5,2000,0,1671,1,0,2,1,3,1,472,173000
1169,Edwards,13728,6,7,1986,0,2108,0,0,2,0,4,2,540,235000
1170,NoRidge,35760,10,5,1996,1378,3627,1,0,3,1,4,1,807,625000
1171,Mitchel,9880,6,6,1977,0,1118,1,0,1,0,3,1,358,171000
1172,NAmes,9120,6,6,1958,0,1261,1,0,1,0,3,1,433,163000
1173,Somerst,4017,7,5,2007,0,1250,0,0,2,1,2,0,625,171900
1174,ClearCr,18030,5,6,1994,0,3086,0,0,3,0,3,1,0,200500
1175,Crawfor,16560,6,8,1950,0,2345,0,0,2,1,4,1,360,239000
1176,NoRidge,10678,8,5,2000,337,2872,0,0,2,1,4,1,541,285000
1177,Mitchel,6951,5,5,1985,0,923,1,0,1,0,3,0,264,119500
1178,OldTown,3950,6,8,2004,0,1224,0,0,1,0,3,0,210,115000
1179,Crawfor,7681,5,6,1950,0,1343,0,0,1,1,3,1,186,154900
1180,Edwards,8335,5,5,1954,0,1124,0,0,1,0,3,1,0,93000
1181,Timber,11170,7,5,1991,0,2514,0,0,2,1,4,0,693,250000
1182,Crawfor,5587,8,5,2008,186,1652,1,1,2,0,2,1,482,392500
1183,NoRidge,15623,10,5,1996,0,4476,1,0,3,1,4,2,813,745000
1184,OldTown,10800,5,6,1950,0,1130,1,0,1,0,2,1,720,120000
1185,Timber,35133,5,4,1963,226,1572,1,0,1,1,3,2,995,186700
1186,Edwards,9738,5,7,1950,0,1221,1,0,1,0,4,0,392,104900
1187,OldTown,10615,3,5,1970,0,1699,1,0,2,0,3,0,420,95000
1188,NoRidge,12461,8,5,1995,0,1624,1,0,2,0,2,1,757,262000
1189,CollgCr,8935,7,5,2002,95,1660,0,0,2,1,3,0,493,195000
1190,Gilbert,7500,7,5,1999,0,1804,0,0,2,1,3,1,442,189000
1191,Mitchel,32463,4,4,1975,149,1622,1,0,1,0,3,1,1356,168000
1192,Somerst,2645,8,5,2000,456,1441,0,0,2,1,2,0,492,174000
1193,OldTown,9600,5,8,1994,0,1472,0,0,1,0,3,0,250,125000
1194,Mitchel,4500,6,5,1999,425,1224,1,0,2,0,2,0,402,165000
1195,Sawyer,9364,6,7,1969,143,1352,0,0,1,1,4,0,299,158000
1196,Gilbert,8029,6,5,2005,0,1456,0,0,2,1,3,0,400,176000
1197,Gilbert,14054,7,5,2006,0,1863,0,0,2,1,4,1,660,219210
1198,OldTown,8850,7,6,1950,0,1690,0,0,1,0,3,1,225,144000
1199,CollgCr,9100,7,5,2001,0,1212,0,0,2,0,3,0,573,178000
1200,Sawyer,11235,4,5,1979,51,1382,0,0,1,1,3,1,459,148000
1201,NAmes,9353,4,5,1970,0,864,0,0,1,0,3,0,280,116050
1202,CollgCr,10400,7,5,1998,0,1779,0,0,2,1,3,0,546,197900
1203,BrkSide,6000,5,8,1997,0,1348,1,0,1,0,3,1,216,117000
1204,CollgCr,9750,7,5,2001,171,1630,0,0,2,0,3,1,451,213000
1205,NWAmes,10140,5,6,1975,0,1074,1,0,1,1,3,0,495,153500
1206,SawyerW,14684,7,7,1991,234,2196,0,0,2,0,3,1,701,271900
1207,SawyerW,8900,4,4,1966,0,1056,1,0,1,0,2,0,384,107000
1208,CollgCr,9135,6,5,2003,120,1700,1,0,2,0,3,0,544,200000
1209,NAmes,7763,5,7,1980,0,1283,1,0,1,0,3,0,506,140000
1210,Somerst,10182,8,5,2006,420,1660,1,0,2,0,3,1,500,290000
1211,SawyerW,11218,6,5,1992,0,1845,0,0,2,1,3,1,462,189000
1212,Gilbert,12134,8,7,2005,0,1752,0,0,2,0,4,0,492,164000
1213,Edwards,9340,4,6,1950,0,672,1,0,1,0,2,0,234,113000
1214,Sawyer,10246,4,9,2001,0,960,1,1,0,0,0,0,364,145000
1215,NAmes,10205,5,5,1962,0,999,1,0,1,0,3,0,300,134500
1216,Sawyer,7094,5,5,1966,0,894,0,0,1,0,3,0,384,125000
1217,Sawyer,8930,6,5,1978,0,1902,0,0,2,0,4,0,539,112000
1218,Somerst,8640,8,5,2009,72,1314,1,0,2,0,3,0,552,229456
1219,BrkSide,6240,4,5,1950,0,912,0,0,1,0,2,0,0,80500
1220,BrDale,1680,6,5,1971,236,1218,0,0,1,1,3,0,0,91500
1221,NAmes,7800,5,5,1964,0,912,0,0,1,0,2,0,288,115000
1222,Sawyer,8250,5,5,1968,0,1211,0,0,1,0,3,1,322,134000
1223,NAmes,10496,6,6,1950,320,1846,0,0,2,0,3,1,315,143000
1224,NAmes,10680,5,3,1951,44,2136,0,0,2,0,4,0,528,137900
1225,Gilbert,15384,7,5,2005,0,1490,1,0,2,1,3,1,388,184000
1226,NAmes,10482,6,8,1958,63,1138,0,1,1,0,3,0,264,145000
1227,Somerst,14598,6,5,2007,74,1933,0,0,2,1,4,1,668,214000
1228,NAmes,8872,5,8,2008,300,912,1,0,1,0,2,0,576,147000
1229,NridgHt,8769,9,5,2008,766,1702,1,0,1,1,1,1,1052,367294
1230,NAmes,7910,5,5,1960,0,1507,0,0,2,0,4,0,404,127000
1231,Sawyer,18890,5,5,1977,1,2620,0,0,2,2,4,1,600,190000
1232,NAmes,7728,5,6,1962,120,1190,1,0,1,0,3,0,540,132500
1233,NAmes,9842,4,5,1962,0,1224,0,0,2,0,2,0,462,101800
1234,NAmes,12160,5,5,1959,180,1188,1,0,1,0,3,0,531,142000
1235,SWISU,8525,5,6,1950,0,1964,0,0,1,1,4,0,0,130000
1236,Crawfor,13132,5,5,1950,0,1784,0,0,1,1,4,0,180,138887
1237,NridgHt,2628,7,5,2003,106,1626,0,0,2,1,2,0,474,175500
1238,CollgCr,12393,7,5,2005,0,1948,0,0,2,1,4,1,434,195000
1239,SawyerW,13072,6,5,2005,0,1141,0,0,1,1,3,0,484,142500
1240,Timber,9037,8,5,2006,32,1484,0,0,2,0,2,1,472,265900
1241,CollgCr,8158,7,5,2003,252,1768,1,0,2,1,3,0,543,224900
1242,Somerst,9849,7,6,2007,0,1689,0,0,2,0,3,0,954,248328
1243,NWAmes,10625,7,6,1974,81,1173,1,0,2,0,3,2,528,170000
1244,NridgHt,13891,10,5,2006,,2076,1,0,2,1,2,1,850,465000
1245,Crawfor,11435,8,7,1950,0,1517,0,0,1,0,3,2,400,230000
1246,NWAmes,12090,6,7,2003,74,1868,0,0,3,1,3,1,477,178000
1247,Somerst,8125,7,5,2006,0,1553,0,0,2,1,3,0,615,186500
1248,Mitchel,12328,6,5,1976,335,1034,1,0,1,0,3,0,888,169900
1249,OldTown,9600,6,5,1950,0,2058,0,0,1,1,3,1,396,129500
1250,NAmes,7200,5,7,1950,0,988,0,0,1,0,3,0,276,119000
1251,NAmes,11160,7,5,1968,0,2110,1,0,2,1,3,2,522,244000
1252,NridgHt,3136,7,5,2003,163,1405,0,0,2,0,2,1,478,171750
1253,Mitchel,9858,5,6,1968,0,874,1,0,1,0,3,0,288,130000
1254,Veenker,17542,7,7,2003,0,2167,1,0,2,1,3,2,518,294000
1255,Edwards,6931,7,5,2004,92,1656,0,0,2,1,3,1,397,165400
1256,BrkSide,6240,6,6,1950,0,1367,0,0,1,0,3,1,560,127500
1257,NoRidge,14303,8,5,1994,554,1987,1,0,2,0,2,1,691,301500
1258,Edwards,4060,5,8,1950,0,864,0,0,1,0,2,0,0,99900
1259,Gilbert,9587,7,5,2005,182,1166,1,0,2,0,2,0,400,190000
1260,NAmes,9750,6,8,1969,0,1054,1,0,1,1,3,0,460,151000
1261,Gilbert,24682,6,5,1999,0,1675,0,0,2,1,3,1,502,181000
1262,NAmes,9600,5,6,1956,0,1050,0,0,1,0,2,0,338,128900
1263,ClearCr,11250,4,5,1989,0,1788,1,0,1,0,5,2,304,161500
1264,BrkSide,13515,6,6,1950,0,1824,0,0,1,0,3,1,520,180500
1265,NAmes,4060,6,5,1999,0,1337,1,0,2,0,2,0,511,181000
1266,Somerst,3735,7,5,1999,218,1452,1,0,2,1,3,0,506,183900
1267,OldTown,10120,7,4,1950,0,1889,0,0,1,1,4,1,308,122000
1268,Timber,13214,9,5,2009,0,2018,0,0,2,0,3,1,746,378500
1269,Crawfor,14100,8,9,1997,632,3447,0,0,3,1,4,2,1014,381000
1270,NAmes,11344,5,5,1958,180,1524,0,0,1,1,3,0,315,144000
1271,ClearCr,23595,7,6,1979,0,1524,2,0,0,1,0,1,586,260000
1272,NWAmes,9156,6,7,1968,0,1489,0,0,2,0,3,1,462,185750
1273,Sawyer,13526,5,6,1965,114,935,1,0,1,0,3,0,288,137000
1274,Edwards,11512,6,7,2006,84,1357,1,0,1,0,2,1,312,177000
1275,Crawfor,5362,5,6,2003,0,1250,0,0,2,0,3,1,552,139000
1276,NAmes,11345,5,5,1950,567,1920,0,0,2,0,4,0,400,137000
1277,NWAmes,12936,6,6,1972,0,1395,0,1,1,1,3,1,497,162000
1278,NWAmes,17871,6,5,1976,359,1724,1,0,1,1,3,1,480,197900
1279,CollgCr,9473,8,5,2002,,2031,1,0,2,1,3,1,577,237000
1280,IDOTRR,7500,4,4,1950,0,1128,0,0,1,0,2,0,528,68400
1281,CollgCr,9808,7,5,2002,110,1573,1,0,2,0,3,0,544,227000
1282,Timber,8049,7,5,1990,54,1339,1,0,2,0,2,1,484,180000
1283,CollgCr,8800,5,7,2008,0,1040,0,0,2,0,3,0,484,150500
1284,Mitchel,9400,6,5,1971,0,1824,0,0,2,2,4,0,0,139000
1285,SWISU,9638,6,7,1990,0,2447,0,0,2,0,4,1,336,169000
1286,BrkSide,6000,6,6,1950,0,1412,0,0,1,0,4,1,280,132500
1287,NWAmes,9790,6,5,1963,451,1328,1,0,1,1,3,2,528,143000
1288,ClearCr,36500,5,5,1964,621,1582,0,1,2,0,4,0,390,190000
1289,StoneBr,5664,8,5,2000,0,1659,1,0,2,0,2,1,499,278000
1290,NridgHt,11065,8,5,2006,788,1970,0,0,2,1,3,1,753,281000
1291,NAmes,14112,5,7,1964,86,1152,1,0,1,0,3,1,484,180500
1292,BrDale,1680,5,7,1972,268,1302,0,0,2,1,3,0,264,119500
1293,OldTown,6600,5,4,1965,0,2372,0,0,2,0,4,0,432,107500
1294,NWAmes,10140,7,5,1976,0,1664,0,0,2,1,4,1,528,162900
1295,Edwards,8172,5,7,1990,0,864,1,0,1,0,2,0,572,115000
1296,NAmes,8400,5,5,1968,168,1052,1,0,1,1,3,0,288,138500
1297,NAmes,8700,5,6,1963,148,1128,1,0,2,0,3,0,525,155000
1298,Edwards,3675,6,5,2006,82,1072,1,0,2,0,2,0,525,140000
1299,Edwards,63887,10,5,2008,796,5642,2,0,2,1,3,3,1418,160000
1300,NAmes,7500,5,7,1994,0,1246,1,0,1,1,3,0,305,154000
1301,Gilbert,10762,7,5,1999,344,1983,0,0,2,1,3,1,490,225000
1302,Crawfor,7500,6,7,1950,0,1494,0,0,1,0,3,2,213,177500
1303,NoRidge,10120,8,5,1994,391,2526,1,0,2,1,4,1,844,290000
1304,Somerst,8688,7,5,2005,228,1616,0,0,2,0,3,0,834,232000
1305,Edwards,3363,7,5,2004,117,1708,0,0,2,0,3,0,380,130000
1306,NridgHt,13173,9,5,2007,300,1652,1,0,2,0,2,2,840,325000
1307,NridgHt,6955,7,5,2006,94,1368,0,0,2,0,2,1,474,202500
1308,CollgCr,8072,5,5,1995,0,990,1,0,1,0,3,0,480,138000
1309,OldTown,12000,5,7,2005,0,1122,1,0,1,0,2,0,528,147000
1310,SawyerW,7153,6,5,1991,88,1294,1,0,2,0,3,0,496,179200
1311,Crawfor,17500,7,8,2002,0,1902,1,0,2,0,3,2,567,335000
1312,CollgCr,8814,7,5,2007,80,1274,1,0,2,0,3,0,508,203000
1313,NoRidge,9572,8,5,1990,336,2810,0,0,2,1,4,1,750,302000
1314,NoRidge,14774,9,5,1999,165,2599,0,0,2,1,4,1,779,333168
1315,Edwards,8190,4,6,1954,0,948,1,0,1,0,3,1,280,119000
1316,NAmes,11075,6,5,1969,0,2112,0,0,2,1,4,2,576,206900
1317,CollgCr,10226,8,5,2008,270,1630,1,0,2,0,3,1,860,295493
1318,Somerst,4230,7,5,2007,0,1352,0,0,2,0,2,1,466,208900
1319,CollgCr,14781,8,5,2002,178,1787,0,0,2,0,3,1,748,275000
1320,Edwards,10215,4,5,1954,132,948,0,0,1,0,3,0,248,111000
1321,NAmes,8400,6,3,1957,0,1478,1,0,1,1,3,2,442,156500
1322,BrkSide,6627,3,6,1950,0,720,0,0,1,0,2,0,287,72500
1323,NoRidge,10186,7,5,1992,0,1923,1,0,2,1,3,1,564,190000
1324,BrkSide,5330,4,7,1950,0,708,0,0,1,0,2,0,0,82500
1325,Somerst,9986,8,5,2007,428,1795,0,0,2,0,2,1,895,147000
1326,IDOTRR,3636,4,4,1950,0,796,0,0,1,0,2,0,0,55000
1327,Edwards,4270,3,6,2006,0,774,0,0,1,0,3,0,0,79000
1328,Mitchel,6600,5,9,2008,0,816,0,1,1,0,3,1,264,130500
1329,OldTown,10440,6,7,1950,0,2792,0,0,2,0,5,2,520,256000
1330,Gilbert,9084,7,5,1998,0,1632,0,0,2,1,3,1,462,176500
1331,Somerst,10000,8,5,2006,410,1588,0,0,2,0,3,1,825,227000
1332,CollgCr,10780,5,5,1976,0,954,0,0,1,0,3,0,576,132500
1333,Edwards,8877,4,6,1958,0,816,1,0,1,0,2,1,288,100000
1334,IDOTRR,7200,5,6,1995,0,1360,0,0,1,1,2,0,297,125500
1335,BrDale,2368,5,6,1970,312,1365,0,0,1,1,3,0,440,125000
1336,NWAmes,9650,6,5,1977,360,1334,0,1,2,0,2,1,630,167900
1337,NWAmes,9246,5,5,1973,564,1656,0,0,2,0,4,0,506,135000
1338,OldTown,4118,4,4,1950,0,693,0,0,1,0,2,0,0,52500
1339,CollgCr,13450,7,5,2002,0,1861,1,0,2,1,3,0,492,200000
1340,CollgCr,9560,5,7,1972,0,864,0,0,1,0,3,0,288,128500
1341,NAmes,8294,4,5,1971,0,872,0,0,1,0,3,0,480,123000
1342,SawyerW,13695,6,5,2004,0,1114,1,0,1,0,3,0,576,155000
1343,CollgCr,9375,8,5,2002,149,2169,0,0,2,1,3,1,647,228500
1344,Crawfor,7558,6,6,1950,0,1913,0,0,1,1,3,1,342,177000
1345,CollgCr,11103,7,5,2006,0,1456,0,0,2,1,3,1,440,155835
1346,OldTown,6000,4,4,1950,0,960,0,0,1,0,2,0,308,108500
1347,NWAmes,20781,7,7,2003,0,2156,0,0,2,0,3,1,508,262500
1348,Timber,15306,8,5,2007,100,1776,1,0,2,0,3,1,712,283463
1349,SawyerW,16196,7,5,1998,0,1494,1,0,2,0,3,1,514,215000
1350,OldTown,5250,8,5,1987,0,2358,0,0,2,0,4,0,0,122000
1351,NAmes,11643,5,5,1969,368,2634,1,1,2,2,6,0,968,200000
1352,NAmes,9247,6,6,1962,318,1716,0,0,1,1,4,1,490,171000
1353,BrkSide,6000,6,9,2000,0,1176,0,0,1,0,2,0,624,134900
1354,NoRidge,14720,8,5,1996,579,3238,1,0,2,1,4,1,666,410000
1355,CollgCr,10316,7,5,2000,0,1865,1,0,2,1,3,1,839,235000
1356,NWAmes,10192,7,6,1992,143,1920,0,0,3,0,4,1,487,170000
1357,NAmes,9477,5,5,1966,65,892,0,0,1,0,3,0,264,110000
1358,NAmes,12537,5,6,2008,0,1078,1,0,1,1,3,1,500,149900
1359,Somerst,2117,6,5,2000,216,1573,0,0,2,1,3,0,440,177500
1360,NridgHt,16737,9,5,2005,66,1980,1,0,2,0,3,1,770,315000
1361,SWISU,9842,5,6,1998,0,2601,0,0,3,1,4,0,621,189000
1362,StoneBr,16158,7,5,2005,16,1530,1,0,2,0,3,1,430,260000
1363,NAmes,12513,4,4,2007,0,1738,0,0,2,0,4,1,368,104900
1364,Gilbert,8499,6,5,2007,0,1412,0,0,2,1,3,1,432,156932
1365,Somerst,3180,7,5,2005,0,1200,0,0,2,1,2,0,480,144152
1366,Somerst,7500,7,5,2000,0,1674,1,0,2,1,3,0,663,216000
1367,CollgCr,9179,7,5,1999,158,1790,1,0,2,1,3,0,588,193000
1368,MeadowV,2665,5,6,1977,0,1475,0,0,2,0,4,1,336,127000
1369,CollgCr,4435,6,5,2004,170,848,1,0,1,0,1,0,420,144000
1370,CollgCr,10635,8,5,2003,171,1668,1,0,2,0,3,1,502,232000
1371,OldTown,5400,4,6,1950,0,1374,0,0,1,0,2,0,338,105000
1372,NAmes,9600,6,6,1996,0,1661,1,0,1,0,3,1,377,165500
1373,CollgCr,9750,7,6,1998,0,2097,1,0,2,1,3,1,583,274300
1374,NoRidge,11400,10,5,2002,705,2633,1,0,2,1,2,2,804,466500
1375,Somerst,10625,7,5,2005,0,1958,0,0,2,1,3,1,936,250000
1376,Timber,10991,8,5,2007,80,1571,0,0,2,0,3,1,722,239000
1377,SWISU,6292,6,5,1950,0,790,0,0,1,0,2,0,160,91000
1378,Edwards,10998,5,5,1960,0,1604,0,0,2,0,3,0,660,117000
1379,BrDale,1953,6,5,1973,408,987,0,0,1,1,2,0,264,83000
1380,Timber,9735,5,5,2007,0,1394,0,0,2,1,3,0,400,167500
1381,Edwards,8212,3,3,1950,0,864,1,0,1,0,2,0,200,58500
1382,NAmes,12925,6,7,1970,0,2117,0,0,2,1,4,2,550,237500
1383,OldTown,7200,7,7,1950,0,1762,1,0,1,1,4,0,576,157000
1384,Sawyer,25339,5,7,2007,0,1416,0,0,2,0,3,0,576,112000
1385,Edwards,9060,6,5,1950,0,1258,0,0,1,0,2,0,280,105000
1386,IDOTRR,5436,4,8,2007,0,1154,1,0,1,0,3,0,240,125500
1387,NWAmes,16692,7,5,1978,184,2784,1,0,3,1,5,2,564,250000
1388,OldTown,8520,6,7,1950,0,2526,0,0,2,0,5,1,216,136000
1389,Gilbert,14892,9,5,2007,160,1746,1,0,2,0,3,2,758,377500
1390,BrkSide,6000,6,6,1950,0,1218,0,1,1,0,3,1,440,131000
1391,CollgCr,9100,7,5,2000,244,1525,1,0,2,0,3,0,541,235000
1392,NAmes,8944,5,5,1967,0,1584,0,0,2,0,4,0,792,124000
1393,NAmes,7838,5,5,1967,0,900,1,0,1,0,3,1,288,123000
1394,OldTown,10800,6,7,2000,0,1912,0,0,2,0,3,1,672,163000
1395,Blmngtn,4045,7,5,2006,45,1500,1,0,2,0,2,1,648,246578
1396,Timber,12665,8,5,2006,245,2482,0,0,2,1,4,1,642,281213
1397,Timber,57200,5,5,1950,0,1687,1,0,1,0,3,2,572,160000
1398,BrkSide,6120,5,8,2004,0,1513,0,0,1,1,4,0,180,137500
1399,NAmes,7200,5,4,1982,0,1904,1,0,1,1,3,0,240,138000
1400,SWISU,6171,6,6,1990,0,1608,0,0,2,1,3,1,216,137450
1401,BrkSide,6000,6,7,1950,0,1158,0,0,1,0,3,1,208,120000
1402,Gilbert,7415,6,5,2004,0,1593,1,0,2,1,3,1,398,193000
1403,CollgCr,6762,7,5,2006,0,1294,0,0,2,0,2,1,662,193879
1404,Somerst,15256,8,5,2007,84,1464,1,0,2,0,3,0,754,282922
1405,OldTown,10410,3,4,1950,0,1214,0,0,1,0,3,0,936,105000
1406,Crawfor,3842,8,5,2005,174,1646,1,1,2,0,2,1,482,275000
1407,CollgCr,8445,5,7,2007,0,768,1,0,1,0,2,0,396,133000
1408,Mitchel,8780,5,5,1985,0,833,1,0,1,0,3,0,0,112000
1409,OldTown,7740,4,7,1950,0,1363,0,0,1,0,3,0,528,125500
1410,NWAmes,20544,7,6,1991,123,2093,0,0,2,1,3,1,542,215000
1411,CollgCr,12420,7,5,2001,0,1840,1,0,2,1,3,0,622,230000
1412,NAmes,9600,6,8,2005,0,1668,0,0,1,1,3,0,271,140000
1413,NAmes,7200,4,5,1950,0,1040,0,0,2,0,2,0,420,90000
1414,SawyerW,10994,8,5,2006,366,1844,1,0,2,0,2,1,620,257000
1415,BrkSide,13053,6,7,2000,0,1848,0,0,1,1,4,1,370,207000
1416,Blmngtn,3635,7,5,2007,130,1569,0,1,2,0,1,1,660,175900
1417,OldTown,11340,4,6,1950,0,2290,0,0,2,0,4,0,560,122500
1418,NoRidge,16545,8,5,1998,731,2450,1,0,2,1,3,1,1069,340000
1419,NAmes,9204,5,5,1963,0,1144,1,0,1,1,3,0,336,124000
1420,Crawfor,16381,6,5,1969,312,1844,1,0,2,0,3,1,540,223000
1421,NWAmes,11700,6,6,1968,420,1416,0,0,2,1,3,1,776,179900
1422,NPkVill,4043,6,5,1977,0,1069,0,0,2,0,2,1,440,127500
1423,CollgCr,4435,6,5,2003,170,848,1,0,1,0,1,0,420,136500
1424,Edwards,19690,6,7,1966,0,2201,0,0,2,0,4,1,432,274970
1425,NAmes,9503,5,5,1983,0,1344,1,0,1,0,2,1,484,144000
1426,NAmes,10721,6,6,1959,243,1252,0,0,1,0,3,0,528,142000
1427,NoRidge,10944,7,5,1994,448,2127,1,0,2,1,3,2,525,271000
1428,NAmes,10930,5,6,1950,0,1558,1,0,1,1,3,1,288,140000
1429,OldTown,7200,5,7,1992,294,804,1,0,1,0,2,2,240,119000
1430,NWAmes,12546,6,7,1981,310,1440,0,0,2,0,3,1,467,182900
1431,Gilbert,21930,5,5,2005,0,1838,0,0,2,1,4,1,372,192140
1432,NPkVill,4928,6,6,1976,0,958,0,0,2,0,2,0,440,143750
1433,OldTown,10800,4,6,2007,0,968,0,0,2,0,4,0,216,64500
1434,Gilbert,10261,6,5,2000,318,1792,1,0,2,1,3,1,451,186500
1435,Mitchel,17400,5,5,1977,0,1126,1,0,2,0,3,1,484,160000
1436,NAmes,8400,6,9,2005,237,1537,1,0,1,1,3,1,462,174000
1437,NAmes,9000,4,6,1971,0,864,0,0,1,0,3,0,528,120500
1438,NridgHt,12444,8,5,2008,426,1932,1,0,2,0,2,1,774,394617
1439,OldTown,7407,6,7,1996,0,1236,1,0,1,0,2,0,923,149700
1440,NWAmes,11584,7,6,1979,96,1725,0,0,2,1,3,1,550,197000
1441,Crawfor,11526,6,7,1994,0,2555,0,0,2,0,3,1,672,191000
1442,CollgCr,4426,6,5,2004,147,848,1,0,1,0,1,1,420,149300
1443,Somerst,11003,10,5,2008,160,2007,1,0,2,1,3,1,812,310000
1444,BrkSide,8854,6,6,1950,0,952,0,0,1,0,2,1,192,121000
1445,CollgCr,8500,7,5,2004,106,1422,0,0,2,0,3,0,626,179600
1446,Sawyer,8400,6,5,1966,0,913,1,0,1,0,3,0,240,129000
1447,Mitchel,26142,5,7,1962,189,1188,0,0,1,0,3,0,312,157900
1448,CollgCr,10000,8,5,1996,438,2090,1,0,2,1,3,1,556,240000
1449,Edwards,11767,4,7,2000,0,1346,0,0,1,1,2,0,384,112000
1450,MeadowV,1533,5,7,1970,0,630,1,0,1,0,1,0,0,92000
1451,NAmes,9000,5,5,1974,0,1792,0,0,2,2,4,0,0,136000
1452,Somerst,9262,8,5,2009,194,1578,0,0,2,0,3,1,840,287090
1453,Edwards,3675,5,5,2005,80,1072,1,0,1,0,2,0,525,145000
1454,Mitchel,17217,5,5,2006,0,1140,0,0,1,0,3,0,0,84500
1455,Somerst,7500,7,5,2005,0,1221,1,0,2,0,2,0,400,185000
1456,Gilbert,7917,6,5,2000,0,1647,0,0,2,1,3,1,460,175000
1457,NWAmes,13175,6,6,1988,119,2073,1,0,2,0,3,2,500,210000
1458,Crawfor,9042,7,9,2006,0,2340,0,0,2,0,4,2,252,266500
1459,NAmes,9717,5,6,1996,0,1078,1,0,1,0,2,0,240,142125
1460,Edwards,9937,5,6,1965,0,1256,1,0,1,1,3,0,276,147500
